user_id,action,target_id,status,timestamp
98,visit_site,,success,2025-04-01 09:47:37
10,visit_site,,success,2025-04-01 17:35:21
15,visit_site,,success,2025-04-01 13:58:36
14,visit_site,,success,2025-04-01 10:32:46
40,visit_site,,success,2025-04-01 05:40:27
83,register,,success,2025-04-01 00:54:32
91,register,,success,2025-04-01 18:09:14
98,register,,success,2025-04-01 21:48:29
59,register,,success,2025-04-01 09:04:42
16,register,,success,2025-04-01 02:19:08
20,login,,success,2025-04-01 03:48:16
41,login,,success,2025-04-01 17:28:05
32,login,,success,2025-04-01 02:59:39
93,login,,success,2025-04-01 13:44:39
44,login,,success,2025-04-01 17:34:24
19,logout,,success,2025-04-01 16:41:20
27,logout,,success,2025-04-01 11:41:59
50,logout,,success,2025-04-01 08:29:47
43,logout,,success,2025-04-01 03:52:24
6,logout,,success,2025-04-01 14:14:13
,create_topic,,error,2025-04-01 15:44:11
32,create_topic,1,success,2025-04-01 10:38:55
,create_topic,,error,2025-04-01 08:26:14
91,create_topic,2,success,2025-04-01 11:21:47
59,create_topic,3,success,2025-04-01 23:01:34
39,view_topic,3,success,2025-04-01 06:30:50
84,view_topic,3,success,2025-04-01 18:16:13
18,view_topic,3,success,2025-04-01 20:29:16
50,view_topic,2,success,2025-04-01 02:57:32
26,view_topic,3,success,2025-04-01 15:31:20
91,delete_topic,2,success,2025-04-01 07:15:56
84,delete_topic,2,success,2025-04-01 01:58:44
8,delete_topic,3,success,2025-04-01 04:49:54
12,delete_topic,3,success,2025-04-01 15:27:22
21,delete_topic,1,success,2025-04-01 18:31:49
,write_message,3,success,2025-04-01 18:09:33
56,write_message,3,success,2025-04-01 04:15:11
,write_message,3,success,2025-04-01 23:42:12
,write_message,2,success,2025-04-01 23:56:00
,write_message,3,success,2025-04-01 03:14:37
83,visit_site,,success,2025-04-01 15:40:33
64,write_message,3,success,2025-04-01 06:47:53
2,register,,success,2025-04-01 10:47:36
46,register,,success,2025-04-01 13:36:41
71,write_message,3,success,2025-04-01 05:00:39
37,register,,success,2025-04-01 07:08:04
20,view_topic,3,success,2025-04-01 11:11:39
7,delete_topic,2,success,2025-04-01 03:23:55
43,create_topic,4,success,2025-04-01 12:53:40
19,login,,success,2025-04-01 00:32:28
32,visit_site,,success,2025-04-01 12:30:17
86,logout,,success,2025-04-01 03:22:02
65,view_topic,4,success,2025-04-01 07:31:42
51,create_topic,5,success,2025-04-01 21:31:36
4,create_topic,6,success,2025-04-01 18:40:43
82,login,,success,2025-04-01 10:55:54
95,login,,success,2025-04-01 09:18:07
18,delete_topic,5,success,2025-04-01 14:05:21
,write_message,5,success,2025-04-01 13:25:21
83,register,,success,2025-04-01 03:44:12
60,create_topic,7,success,2025-04-01 01:34:42
77,create_topic,8,success,2025-04-01 13:15:09
47,logout,,success,2025-04-01 02:29:04
92,visit_site,,success,2025-04-01 19:34:19
,write_message,4,success,2025-04-01 02:25:48
34,visit_site,,success,2025-04-01 07:59:16
16,write_message,2,success,2025-04-01 08:09:11
,create_topic,,error,2025-04-01 17:40:24
87,create_topic,9,success,2025-04-01 10:01:24
55,register,,success,2025-04-01 14:38:36
80,visit_site,,success,2025-04-01 09:57:51
49,register,,success,2025-04-01 13:59:25
34,register,,success,2025-04-01 05:30:44
20,login,,success,2025-04-01 03:35:35
11,login,,success,2025-04-01 13:59:40
,write_message,5,success,2025-04-01 09:25:17
95,logout,,success,2025-04-01 09:35:43
67,delete_topic,4,success,2025-04-01 08:30:38
56,logout,,success,2025-04-01 15:26:01
,write_message,1,success,2025-04-01 19:15:07
98,visit_site,,success,2025-04-01 15:01:32
84,delete_topic,6,success,2025-04-01 19:29:52
92,logout,,success,2025-04-01 17:52:18
42,view_topic,9,success,2025-04-01 04:48:08
70,delete_topic,6,success,2025-04-01 11:48:46
45,view_topic,6,success,2025-04-01 03:24:03
11,login,,success,2025-04-01 17:56:53
76,delete_topic,4,success,2025-04-01 21:56:02
32,login,,success,2025-04-01 23:00:36
65,visit_site,,success,2025-04-02 08:04:07
5,visit_site,,success,2025-04-02 16:18:58
80,visit_site,,success,2025-04-02 06:32:51
71,visit_site,,success,2025-04-02 09:33:53
16,visit_site,,success,2025-04-02 23:11:45
93,register,,success,2025-04-02 07:31:40
27,register,,success,2025-04-02 16:28:02
77,register,,success,2025-04-02 05:05:47
54,register,,success,2025-04-02 08:25:47
49,register,,success,2025-04-02 07:21:37
95,login,,success,2025-04-02 02:15:26
56,login,,success,2025-04-02 17:18:37
21,login,,success,2025-04-02 22:39:55
74,login,,success,2025-04-02 09:08:12
46,login,,success,2025-04-02 11:11:54
88,logout,,success,2025-04-02 13:12:17
3,logout,,success,2025-04-02 03:49:37
74,logout,,success,2025-04-02 13:03:52
83,logout,,success,2025-04-02 21:17:54
84,logout,,success,2025-04-02 17:16:44
,create_topic,,error,2025-04-02 21:00:51
38,create_topic,10,success,2025-04-02 06:08:36
33,create_topic,11,success,2025-04-02 08:36:03
,create_topic,,error,2025-04-02 06:56:40
34,create_topic,12,success,2025-04-02 17:53:31
1,view_topic,1,success,2025-04-02 21:47:07
75,view_topic,11,success,2025-04-02 19:48:07
15,view_topic,1,success,2025-04-02 13:47:07
52,view_topic,9,success,2025-04-02 10:14:17
78,view_topic,5,success,2025-04-02 06:57:53
88,delete_topic,12,success,2025-04-02 02:41:09
11,delete_topic,8,success,2025-04-02 12:00:19
80,delete_topic,6,success,2025-04-02 16:47:57
52,delete_topic,6,success,2025-04-02 08:22:56
71,delete_topic,3,success,2025-04-02 17:38:50
,write_message,1,success,2025-04-02 18:40:38
29,write_message,12,success,2025-04-02 15:15:53
,write_message,10,success,2025-04-02 03:26:03
,write_message,10,success,2025-04-02 01:13:13
,write_message,4,success,2025-04-02 21:22:08
81,delete_topic,3,success,2025-04-02 06:50:00
,create_topic,,error,2025-04-02 04:22:33
52,logout,,success,2025-04-02 18:02:36
85,delete_topic,6,success,2025-04-02 10:15:27
64,write_message,11,success,2025-04-02 02:27:39
16,delete_topic,1,success,2025-04-02 03:19:56
,write_message,4,success,2025-04-02 12:57:33
76,view_topic,1,success,2025-04-02 18:40:14
20,create_topic,13,success,2025-04-02 18:21:59
6,create_topic,14,success,2025-04-02 09:04:44
68,logout,,success,2025-04-02 02:55:03
9,login,,success,2025-04-02 17:26:36
49,visit_site,,success,2025-04-02 14:23:53
25,visit_site,,success,2025-04-02 18:17:22
22,register,,success,2025-04-02 14:26:00
96,logout,,success,2025-04-02 09:43:44
73,register,,success,2025-04-02 07:28:26
91,login,,success,2025-04-02 07:01:44
90,logout,,success,2025-04-02 14:22:29
91,delete_topic,7,success,2025-04-02 15:04:40
95,create_topic,15,success,2025-04-02 00:30:49
,write_message,15,success,2025-04-02 18:33:44
,write_message,6,success,2025-04-02 05:59:47
,create_topic,,error,2025-04-02 09:28:27
32,delete_topic,1,success,2025-04-02 13:15:19
28,write_message,2,success,2025-04-02 05:44:50
6,visit_site,,success,2025-04-02 14:41:24
,create_topic,,error,2025-04-02 14:37:52
27,register,,success,2025-04-02 01:36:28
84,write_message,14,success,2025-04-02 21:50:14
8,view_topic,10,success,2025-04-02 06:14:37
66,view_topic,12,success,2025-04-02 09:55:00
82,create_topic,16,success,2025-04-02 17:40:06
6,create_topic,17,success,2025-04-02 16:23:44
77,view_topic,16,success,2025-04-02 17:08:09
22,register,,success,2025-04-02 16:19:49
9,login,,success,2025-04-02 00:11:17
29,visit_site,,success,2025-04-02 20:58:08
,write_message,4,success,2025-04-02 13:09:36
3,delete_topic,3,success,2025-04-02 00:19:15
57,create_topic,18,success,2025-04-02 12:32:59
90,visit_site,,success,2025-04-02 00:48:02
73,visit_site,,success,2025-04-02 14:16:01
68,logout,,success,2025-04-02 03:26:15
,create_topic,,error,2025-04-02 08:57:42
9,delete_topic,2,success,2025-04-02 03:38:10
11,register,,success,2025-04-02 03:50:57
91,login,,success,2025-04-02 15:08:04
42,visit_site,,success,2025-04-03 11:46:13
95,visit_site,,success,2025-04-03 15:15:49
41,visit_site,,success,2025-04-03 00:25:59
27,visit_site,,success,2025-04-03 02:29:42
52,visit_site,,success,2025-04-03 16:49:12
39,register,,success,2025-04-03 16:56:06
48,register,,success,2025-04-03 07:47:32
82,register,,success,2025-04-03 01:24:16
15,register,,success,2025-04-03 20:07:20
93,register,,success,2025-04-03 10:22:06
37,login,,success,2025-04-03 01:03:30
92,login,,success,2025-04-03 21:24:55
29,login,,success,2025-04-03 08:08:43
99,login,,success,2025-04-03 18:26:37
56,login,,success,2025-04-03 22:50:15
26,logout,,success,2025-04-03 08:43:28
24,logout,,success,2025-04-03 07:38:23
52,logout,,success,2025-04-03 00:54:39
44,logout,,success,2025-04-03 15:43:19
27,logout,,success,2025-04-03 08:04:34
,create_topic,,error,2025-04-03 06:48:44
27,create_topic,19,success,2025-04-03 22:39:41
72,create_topic,20,success,2025-04-03 21:40:26
,create_topic,,error,2025-04-03 09:33:04
73,create_topic,21,success,2025-04-03 10:31:00
20,view_topic,14,success,2025-04-03 14:27:03
23,view_topic,18,success,2025-04-03 05:52:22
60,view_topic,6,success,2025-04-03 15:39:03
90,view_topic,2,success,2025-04-03 05:35:54
19,view_topic,2,success,2025-04-03 20:03:20
36,delete_topic,13,success,2025-04-03 09:01:02
100,delete_topic,13,success,2025-04-03 17:18:02
68,delete_topic,8,success,2025-04-03 12:14:34
31,delete_topic,15,success,2025-04-03 05:18:27
80,delete_topic,4,success,2025-04-03 09:33:29
,write_message,3,success,2025-04-03 01:16:32
,write_message,4,success,2025-04-03 18:19:19
87,write_message,13,success,2025-04-03 07:45:00
,write_message,17,success,2025-04-03 03:34:54
,write_message,11,success,2025-04-03 14:59:54
59,view_topic,21,success,2025-04-03 13:18:27
40,visit_site,,success,2025-04-03 02:02:08
48,visit_site,,success,2025-04-03 22:49:35
42,delete_topic,11,success,2025-04-03 17:53:58
95,create_topic,22,success,2025-04-03 06:09:33
1,delete_topic,8,success,2025-04-03 14:35:17
82,delete_topic,15,success,2025-04-03 16:51:08
80,logout,,success,2025-04-03 18:54:14
,create_topic,,error,2025-04-03 17:26:53
3,login,,success,2025-04-03 03:10:34
7,view_topic,13,success,2025-04-03 15:05:03
67,login,,success,2025-04-03 11:44:16
56,visit_site,,success,2025-04-03 15:17:53
63,view_topic,13,success,2025-04-03 10:54:45
74,create_topic,23,success,2025-04-03 15:19:32
5,view_topic,10,success,2025-04-03 11:38:32
27,visit_site,,success,2025-04-03 11:55:43
46,login,,success,2025-04-03 14:39:19
33,write_message,17,success,2025-04-03 21:55:59
29,create_topic,24,success,2025-04-03 05:55:14
40,register,,success,2025-04-03 23:04:06
51,write_message,8,success,2025-04-03 01:38:06
46,view_topic,5,success,2025-04-03 18:04:49
70,login,,success,2025-04-03 05:34:30
92,login,,success,2025-04-03 06:33:08
88,write_message,24,success,2025-04-03 03:46:26
60,register,,success,2025-04-03 01:02:09
19,login,,success,2025-04-03 16:10:00
6,write_message,10,success,2025-04-03 21:12:56
53,login,,success,2025-04-03 14:33:58
44,register,,success,2025-04-03 23:43:07
26,login,,success,2025-04-03 09:09:28
3,login,,success,2025-04-03 06:28:58
38,view_topic,13,success,2025-04-03 06:55:13
28,visit_site,,success,2025-04-04 04:05:50
80,visit_site,,success,2025-04-04 20:33:52
79,visit_site,,success,2025-04-04 22:02:13
38,visit_site,,success,2025-04-04 11:14:14
89,visit_site,,success,2025-04-04 02:23:38
99,register,,success,2025-04-04 04:41:32
45,register,,success,2025-04-04 10:51:31
89,register,,success,2025-04-04 21:00:25
81,register,,success,2025-04-04 19:59:52
80,register,,success,2025-04-04 01:52:56
4,login,,success,2025-04-04 22:26:53
27,login,,success,2025-04-04 08:47:02
66,login,,success,2025-04-04 23:13:41
80,login,,success,2025-04-04 07:37:41
19,login,,success,2025-04-04 17:08:49
89,logout,,success,2025-04-04 00:07:32
31,logout,,success,2025-04-04 09:24:11
93,logout,,success,2025-04-04 07:05:07
16,logout,,success,2025-04-04 05:58:00
57,logout,,success,2025-04-04 12:43:42
,create_topic,,error,2025-04-04 06:42:49
8,create_topic,25,success,2025-04-04 20:29:00
25,create_topic,26,success,2025-04-04 01:52:21
40,create_topic,27,success,2025-04-04 16:02:55
75,create_topic,28,success,2025-04-04 20:57:10
58,view_topic,18,success,2025-04-04 07:14:47
32,view_topic,19,success,2025-04-04 00:15:44
62,view_topic,20,success,2025-04-04 02:28:49
100,view_topic,7,success,2025-04-04 23:01:05
84,view_topic,28,success,2025-04-04 00:09:49
94,delete_topic,1,success,2025-04-04 19:38:39
86,delete_topic,12,success,2025-04-04 10:18:50
10,delete_topic,13,success,2025-04-04 04:39:25
28,delete_topic,10,success,2025-04-04 17:17:40
86,delete_topic,8,success,2025-04-04 08:43:18
31,write_message,14,success,2025-04-04 20:26:06
,write_message,7,success,2025-04-04 16:39:15
,write_message,23,success,2025-04-04 19:32:38
,write_message,10,success,2025-04-04 10:33:34
,write_message,23,success,2025-04-04 16:10:22
,write_message,25,success,2025-04-04 18:48:20
57,delete_topic,5,success,2025-04-04 06:16:24
8,login,,success,2025-04-04 17:40:05
,create_topic,,error,2025-04-04 17:10:39
100,logout,,success,2025-04-04 20:04:55
23,login,,success,2025-04-04 13:58:12
12,login,,success,2025-04-04 14:14:36
,create_topic,,error,2025-04-04 01:35:37
26,view_topic,28,success,2025-04-04 17:51:52
41,write_message,28,success,2025-04-04 05:26:07
69,delete_topic,4,success,2025-04-04 23:18:11
59,register,,success,2025-04-04 10:26:36
96,logout,,success,2025-04-04 04:17:31
88,register,,success,2025-04-04 23:50:15
73,write_message,15,success,2025-04-04 23:46:58
29,view_topic,3,success,2025-04-04 16:35:41
56,delete_topic,7,success,2025-04-04 20:05:56
46,view_topic,24,success,2025-04-04 03:09:16
68,delete_topic,11,success,2025-04-04 05:31:03
84,delete_topic,20,success,2025-04-04 11:23:55
42,visit_site,,success,2025-04-04 02:17:39
26,register,,success,2025-04-04 00:33:18
90,create_topic,29,success,2025-04-04 20:55:07
77,logout,,success,2025-04-04 00:53:29
,write_message,10,success,2025-04-04 15:41:46
58,register,,success,2025-04-04 01:14:45
93,register,,success,2025-04-04 16:37:56
52,login,,success,2025-04-04 19:57:56
72,visit_site,,success,2025-04-04 08:48:07
39,register,,success,2025-04-04 06:02:15
84,create_topic,30,success,2025-04-04 13:25:06
16,register,,success,2025-04-04 23:59:19
24,view_topic,12,success,2025-04-04 15:49:59
59,view_topic,4,success,2025-04-04 02:53:19
,write_message,18,success,2025-04-04 10:32:47
92,create_topic,31,success,2025-04-04 07:08:48
69,logout,,success,2025-04-04 03:59:07
72,visit_site,,success,2025-04-05 20:06:27
98,visit_site,,success,2025-04-05 23:44:13
53,visit_site,,success,2025-04-05 01:59:33
98,visit_site,,success,2025-04-05 04:13:35
39,visit_site,,success,2025-04-05 15:18:58
32,register,,success,2025-04-05 22:15:49
92,register,,success,2025-04-05 20:46:41
66,register,,success,2025-04-05 19:23:54
17,register,,success,2025-04-05 21:51:01
13,register,,success,2025-04-05 04:44:08
46,login,,success,2025-04-05 21:35:10
78,login,,success,2025-04-05 19:21:43
38,login,,success,2025-04-05 08:55:19
31,login,,success,2025-04-05 17:31:04
94,login,,success,2025-04-05 00:12:47
32,logout,,success,2025-04-05 03:23:13
26,logout,,success,2025-04-05 15:51:23
93,logout,,success,2025-04-05 15:01:59
89,logout,,success,2025-04-05 16:47:51
1,logout,,success,2025-04-05 21:03:40
87,create_topic,32,success,2025-04-05 17:27:17
,create_topic,,error,2025-04-05 11:14:46
,create_topic,,error,2025-04-05 03:06:54
31,create_topic,33,success,2025-04-05 11:30:48
98,create_topic,34,success,2025-04-05 10:27:07
16,view_topic,11,success,2025-04-05 13:21:43
84,view_topic,3,success,2025-04-05 23:59:10
35,view_topic,9,success,2025-04-05 00:01:03
63,view_topic,11,success,2025-04-05 08:26:49
89,view_topic,15,success,2025-04-05 09:05:07
53,delete_topic,22,success,2025-04-05 05:32:40
100,delete_topic,22,success,2025-04-05 09:19:55
38,delete_topic,32,success,2025-04-05 21:54:23
44,delete_topic,16,success,2025-04-05 21:17:29
100,delete_topic,8,success,2025-04-05 06:40:30
,write_message,7,success,2025-04-05 10:55:38
74,write_message,23,success,2025-04-05 18:26:06
65,write_message,8,success,2025-04-05 07:09:31
85,write_message,25,success,2025-04-05 16:14:33
72,write_message,33,success,2025-04-05 06:28:16
40,login,,success,2025-04-05 11:48:11
50,login,,success,2025-04-05 02:54:28
96,logout,,success,2025-04-05 21:03:14
23,visit_site,,success,2025-04-05 07:33:08
21,delete_topic,34,success,2025-04-05 16:07:54
57,delete_topic,22,success,2025-04-05 20:46:52
100,create_topic,35,success,2025-04-05 20:12:24
74,register,,success,2025-04-05 23:46:12
13,delete_topic,7,success,2025-04-05 17:25:03
71,register,,success,2025-04-05 06:29:23
38,login,,success,2025-04-05 20:35:00
7,delete_topic,1,success,2025-04-05 21:05:25
58,create_topic,36,success,2025-04-05 09:43:06
84,view_topic,5,success,2025-04-05 15:00:52
21,register,,success,2025-04-05 14:59:45
84,register,,success,2025-04-05 11:39:04
26,view_topic,3,success,2025-04-05 06:13:36
82,delete_topic,30,success,2025-04-05 19:05:57
39,create_topic,37,success,2025-04-05 15:21:18
19,delete_topic,35,success,2025-04-05 03:55:17
39,visit_site,,success,2025-04-05 05:22:42
39,delete_topic,16,success,2025-04-05 13:31:55
92,logout,,success,2025-04-05 23:11:18
12,write_message,8,success,2025-04-05 00:57:35
79,delete_topic,27,success,2025-04-05 10:16:16
80,login,,success,2025-04-05 03:02:53
2,visit_site,,success,2025-04-06 07:00:33
28,visit_site,,success,2025-04-06 20:08:34
26,visit_site,,success,2025-04-06 03:04:31
27,visit_site,,success,2025-04-06 10:47:35
57,visit_site,,success,2025-04-06 04:56:38
76,register,,success,2025-04-06 17:47:03
74,register,,success,2025-04-06 08:43:42
77,register,,success,2025-04-06 05:11:55
44,register,,success,2025-04-06 16:59:28
92,register,,success,2025-04-06 03:50:12
93,login,,success,2025-04-06 01:09:19
91,login,,success,2025-04-06 11:29:26
96,login,,success,2025-04-06 07:43:10
38,login,,success,2025-04-06 21:24:36
51,login,,success,2025-04-06 23:37:39
28,logout,,success,2025-04-06 19:53:34
93,logout,,success,2025-04-06 09:05:56
66,logout,,success,2025-04-06 10:10:04
90,logout,,success,2025-04-06 04:30:17
34,logout,,success,2025-04-06 01:39:45
,create_topic,,error,2025-04-06 13:16:47
,create_topic,,error,2025-04-06 16:35:01
58,create_topic,38,success,2025-04-06 00:51:38
21,create_topic,39,success,2025-04-06 10:18:53
93,create_topic,40,success,2025-04-06 21:48:22
28,view_topic,28,success,2025-04-06 11:46:37
37,view_topic,3,success,2025-04-06 16:09:57
40,view_topic,23,success,2025-04-06 11:27:30
100,view_topic,36,success,2025-04-06 18:55:41
74,view_topic,34,success,2025-04-06 21:27:10
95,delete_topic,9,success,2025-04-06 23:48:04
29,delete_topic,39,success,2025-04-06 21:02:36
72,delete_topic,35,success,2025-04-06 18:30:15
3,delete_topic,1,success,2025-04-06 00:44:02
79,delete_topic,5,success,2025-04-06 03:57:12
95,write_message,19,success,2025-04-06 20:44:12
38,write_message,35,success,2025-04-06 09:50:00
,write_message,32,success,2025-04-06 21:27:03
,write_message,5,success,2025-04-06 15:40:04
51,write_message,13,success,2025-04-06 15:40:06
81,view_topic,20,success,2025-04-06 17:00:49
57,write_message,3,success,2025-04-06 23:11:54
5,login,,success,2025-04-06 17:58:38
39,view_topic,3,success,2025-04-06 07:54:58
5,login,,success,2025-04-06 13:17:09
98,logout,,success,2025-04-06 17:26:37
,write_message,9,success,2025-04-06 00:06:31
66,delete_topic,17,success,2025-04-06 23:32:14
82,delete_topic,38,success,2025-04-06 21:12:03
50,delete_topic,16,success,2025-04-06 00:20:01
,write_message,17,success,2025-04-06 12:34:28
36,delete_topic,13,success,2025-04-06 22:51:10
24,register,,success,2025-04-06 08:41:41
30,login,,success,2025-04-06 03:59:58
70,delete_topic,6,success,2025-04-06 16:42:59
52,register,,success,2025-04-06 03:48:26
37,view_topic,31,success,2025-04-06 05:38:27
56,logout,,success,2025-04-06 06:20:57
74,visit_site,,success,2025-04-06 11:27:19
24,create_topic,41,success,2025-04-06 06:20:39
36,view_topic,26,success,2025-04-06 17:42:24
40,view_topic,7,success,2025-04-06 16:28:49
74,view_topic,23,success,2025-04-06 02:11:19
77,register,,success,2025-04-06 21:09:09
80,logout,,success,2025-04-06 08:07:04
61,create_topic,42,success,2025-04-06 13:10:12
30,view_topic,33,success,2025-04-06 08:13:29
,write_message,33,success,2025-04-06 11:24:01
87,register,,success,2025-04-06 02:02:31
75,write_message,2,success,2025-04-06 04:00:08
19,visit_site,,success,2025-04-06 04:18:41
59,register,,success,2025-04-06 06:29:19
62,delete_topic,12,success,2025-04-06 05:06:59
25,delete_topic,17,success,2025-04-06 23:11:12
15,delete_topic,24,success,2025-04-06 13:20:05
99,delete_topic,35,success,2025-04-06 21:47:30
47,write_message,1,success,2025-04-06 00:32:28
100,visit_site,,success,2025-04-06 14:04:39
59,visit_site,,success,2025-04-06 06:00:29
83,logout,,success,2025-04-06 07:11:23
23,delete_topic,18,success,2025-04-06 22:38:22
61,visit_site,,success,2025-04-06 04:12:15
,write_message,33,success,2025-04-06 15:16:13
14,view_topic,3,success,2025-04-06 17:59:07
58,logout,,success,2025-04-06 12:38:14
8,view_topic,38,success,2025-04-06 17:22:27
70,view_topic,31,success,2025-04-06 06:08:42
89,view_topic,36,success,2025-04-06 23:44:34
47,write_message,16,success,2025-04-06 02:52:56
51,visit_site,,success,2025-04-07 06:53:17
55,visit_site,,success,2025-04-07 14:20:01
63,visit_site,,success,2025-04-07 05:29:05
43,visit_site,,success,2025-04-07 13:37:00
68,visit_site,,success,2025-04-07 13:08:14
61,register,,success,2025-04-07 07:33:48
15,register,,success,2025-04-07 00:33:34
75,register,,success,2025-04-07 05:08:33
95,register,,success,2025-04-07 08:08:20
69,register,,success,2025-04-07 18:29:34
40,login,,success,2025-04-07 06:00:18
54,login,,success,2025-04-07 08:24:38
37,login,,success,2025-04-07 15:06:50
71,login,,success,2025-04-07 05:58:06
68,login,,success,2025-04-07 19:42:33
75,logout,,success,2025-04-07 22:44:57
26,logout,,success,2025-04-07 21:48:45
11,logout,,success,2025-04-07 19:00:06
3,logout,,success,2025-04-07 20:23:58
38,logout,,success,2025-04-07 14:15:16
68,create_topic,43,success,2025-04-07 21:21:34
,create_topic,,error,2025-04-07 01:14:11
99,create_topic,44,success,2025-04-07 02:04:22
,create_topic,,error,2025-04-07 05:04:50
21,create_topic,45,success,2025-04-07 11:28:49
52,view_topic,1,success,2025-04-07 17:14:56
69,view_topic,14,success,2025-04-07 10:49:58
51,view_topic,9,success,2025-04-07 17:26:36
12,view_topic,22,success,2025-04-07 08:16:55
88,view_topic,37,success,2025-04-07 18:01:27
62,delete_topic,2,success,2025-04-07 17:25:04
20,delete_topic,21,success,2025-04-07 13:17:50
94,delete_topic,27,success,2025-04-07 17:18:34
7,delete_topic,10,success,2025-04-07 03:48:52
36,delete_topic,11,success,2025-04-07 00:04:59
43,write_message,38,success,2025-04-07 04:10:07
,write_message,44,success,2025-04-07 01:07:11
,write_message,31,success,2025-04-07 13:20:45
30,write_message,12,success,2025-04-07 14:37:30
,write_message,35,success,2025-04-07 16:13:11
72,delete_topic,38,success,2025-04-07 22:38:54
14,register,,success,2025-04-07 15:41:59
80,logout,,success,2025-04-07 10:54:58
90,create_topic,46,success,2025-04-07 12:16:13
70,register,,success,2025-04-07 13:15:27
81,login,,success,2025-04-07 01:01:51
37,view_topic,25,success,2025-04-07 07:40:12
31,register,,success,2025-04-07 19:45:24
38,logout,,success,2025-04-07 18:02:32
15,view_topic,39,success,2025-04-07 09:46:06
71,visit_site,,success,2025-04-07 07:59:56
34,visit_site,,success,2025-04-07 05:05:46
26,delete_topic,23,success,2025-04-07 08:48:07
8,visit_site,,success,2025-04-07 08:02:43
32,register,,success,2025-04-07 15:48:23
8,register,,success,2025-04-07 10:47:00
14,login,,success,2025-04-07 00:34:37
57,logout,,success,2025-04-07 00:58:08
46,view_topic,42,success,2025-04-07 05:54:00
3,create_topic,47,success,2025-04-07 16:04:55
72,login,,success,2025-04-07 01:16:28
28,write_message,32,success,2025-04-07 17:41:37
40,logout,,success,2025-04-07 04:55:01
87,visit_site,,success,2025-04-08 18:36:48
86,visit_site,,success,2025-04-08 04:35:55
63,visit_site,,success,2025-04-08 07:54:35
1,visit_site,,success,2025-04-08 12:53:08
83,visit_site,,success,2025-04-08 17:49:54
90,register,,success,2025-04-08 18:12:16
28,register,,success,2025-04-08 03:31:28
100,register,,success,2025-04-08 17:20:44
78,register,,success,2025-04-08 14:45:08
13,register,,success,2025-04-08 14:42:04
88,login,,success,2025-04-08 14:24:58
55,login,,success,2025-04-08 21:01:10
58,login,,success,2025-04-08 07:34:24
77,login,,success,2025-04-08 04:41:45
35,login,,success,2025-04-08 13:25:30
30,logout,,success,2025-04-08 09:23:02
53,logout,,success,2025-04-08 19:19:16
71,logout,,success,2025-04-08 23:56:29
69,logout,,success,2025-04-08 01:08:04
90,logout,,success,2025-04-08 20:20:38
68,create_topic,48,success,2025-04-08 10:21:31
11,create_topic,49,success,2025-04-08 00:40:04
,create_topic,,error,2025-04-08 11:07:39
6,create_topic,50,success,2025-04-08 23:06:31
19,create_topic,51,success,2025-04-08 01:10:24
74,view_topic,41,success,2025-04-08 07:17:35
36,view_topic,35,success,2025-04-08 12:43:34
76,view_topic,40,success,2025-04-08 08:46:53
53,view_topic,31,success,2025-04-08 09:51:53
37,view_topic,6,success,2025-04-08 07:18:12
94,delete_topic,2,success,2025-04-08 17:49:30
30,delete_topic,27,success,2025-04-08 01:12:45
90,delete_topic,38,success,2025-04-08 22:15:20
88,delete_topic,24,success,2025-04-08 18:35:18
34,delete_topic,12,success,2025-04-08 20:18:23
,write_message,49,success,2025-04-08 17:46:10
71,write_message,5,success,2025-04-08 11:14:57
,write_message,4,success,2025-04-08 04:18:30
7,write_message,6,success,2025-04-08 08:09:18
73,write_message,41,success,2025-04-08 08:38:08
82,logout,,success,2025-04-08 00:00:57
51,delete_topic,34,success,2025-04-08 07:59:48
88,visit_site,,success,2025-04-08 06:35:35
20,visit_site,,success,2025-04-08 14:45:09
75,visit_site,,success,2025-04-08 07:23:02
92,register,,success,2025-04-08 20:27:53
27,visit_site,,success,2025-04-08 00:28:58
69,delete_topic,25,success,2025-04-08 13:40:31
93,login,,success,2025-04-08 23:28:34
66,create_topic,52,success,2025-04-08 03:19:34
72,visit_site,,success,2025-04-08 01:44:22
80,register,,success,2025-04-08 11:17:57
18,write_message,18,success,2025-04-08 13:39:58
96,register,,success,2025-04-08 21:28:42
70,register,,success,2025-04-08 17:00:30
88,create_topic,53,success,2025-04-08 06:34:38
60,logout,,success,2025-04-08 05:43:32
91,login,,success,2025-04-08 09:32:56
20,login,,success,2025-04-08 07:15:10
13,view_topic,47,success,2025-04-08 05:55:39
83,visit_site,,success,2025-04-08 16:28:10
,write_message,5,success,2025-04-08 21:02:37
63,view_topic,2,success,2025-04-08 01:58:53
40,visit_site,,success,2025-04-08 15:10:10
6,delete_topic,51,success,2025-04-08 13:56:00
29,logout,,success,2025-04-08 16:30:58
,create_topic,,error,2025-04-08 09:38:01
29,create_topic,54,success,2025-04-08 12:05:07
,write_message,38,success,2025-04-08 12:49:48
93,login,,success,2025-04-08 19:11:16
88,view_topic,49,success,2025-04-08 07:54:40
95,login,,success,2025-04-08 06:05:34
73,view_topic,12,success,2025-04-08 03:19:35
74,delete_topic,15,success,2025-04-08 04:32:01
7,logout,,success,2025-04-08 14:29:36
40,login,,success,2025-04-08 17:21:29
95,visit_site,,success,2025-04-08 02:21:45
75,view_topic,50,success,2025-04-08 01:32:55
95,register,,success,2025-04-08 12:20:27
34,create_topic,55,success,2025-04-08 12:31:34
41,register,,success,2025-04-08 00:20:58
93,write_message,5,success,2025-04-08 07:26:38
55,write_message,19,success,2025-04-08 05:08:46
71,logout,,success,2025-04-08 08:56:49
76,view_topic,29,success,2025-04-08 20:57:42
10,logout,,success,2025-04-08 22:37:47
89,view_topic,3,success,2025-04-08 17:41:21
65,delete_topic,30,success,2025-04-08 12:18:10
76,visit_site,,success,2025-04-09 14:27:57
79,visit_site,,success,2025-04-09 13:35:47
47,visit_site,,success,2025-04-09 10:55:33
100,visit_site,,success,2025-04-09 10:17:06
81,visit_site,,success,2025-04-09 10:56:47
22,register,,success,2025-04-09 11:50:45
60,register,,success,2025-04-09 16:24:25
59,register,,success,2025-04-09 01:09:26
17,register,,success,2025-04-09 11:28:35
74,register,,success,2025-04-09 15:14:01
56,login,,success,2025-04-09 22:49:40
31,login,,success,2025-04-09 09:31:50
41,login,,success,2025-04-09 23:41:49
19,login,,success,2025-04-09 07:43:19
88,login,,success,2025-04-09 14:49:15
69,logout,,success,2025-04-09 08:27:59
47,logout,,success,2025-04-09 23:57:33
21,logout,,success,2025-04-09 16:06:46
5,logout,,success,2025-04-09 08:09:18
80,logout,,success,2025-04-09 06:00:05
,create_topic,,error,2025-04-09 20:27:48
,create_topic,,error,2025-04-09 00:54:29
78,create_topic,56,success,2025-04-09 19:00:18
88,create_topic,57,success,2025-04-09 10:22:30
26,create_topic,58,success,2025-04-09 13:43:56
52,view_topic,8,success,2025-04-09 14:50:18
39,view_topic,45,success,2025-04-09 19:31:38
18,view_topic,33,success,2025-04-09 20:14:19
89,view_topic,3,success,2025-04-09 02:15:00
91,view_topic,8,success,2025-04-09 04:36:01
68,delete_topic,42,success,2025-04-09 00:15:23
96,delete_topic,5,success,2025-04-09 05:43:45
78,delete_topic,8,success,2025-04-09 13:29:49
69,delete_topic,39,success,2025-04-09 07:29:37
7,delete_topic,53,success,2025-04-09 00:03:17
,write_message,40,success,2025-04-09 19:35:38
,write_message,57,success,2025-04-09 07:49:18
46,write_message,23,success,2025-04-09 19:36:31
,write_message,3,success,2025-04-09 06:17:24
48,write_message,44,success,2025-04-09 01:46:12
70,create_topic,59,success,2025-04-09 22:07:31
32,delete_topic,12,success,2025-04-09 04:50:43
73,view_topic,45,success,2025-04-09 05:38:23
2,visit_site,,success,2025-04-09 13:18:21
73,logout,,success,2025-04-09 11:59:01
32,delete_topic,41,success,2025-04-09 04:12:48
27,delete_topic,28,success,2025-04-09 07:11:32
79,login,,success,2025-04-09 07:07:29
50,visit_site,,success,2025-04-09 20:23:33
11,delete_topic,29,success,2025-04-09 02:17:50
99,create_topic,60,success,2025-04-09 11:17:00
69,login,,success,2025-04-09 17:23:49
83,visit_site,,success,2025-04-09 06:17:56
31,logout,,success,2025-04-09 18:53:54
85,register,,success,2025-04-09 16:33:45
19,delete_topic,18,success,2025-04-09 15:07:51
55,create_topic,61,success,2025-04-09 16:09:29
20,delete_topic,10,success,2025-04-09 10:11:26
93,visit_site,,success,2025-04-09 15:41:23
28,register,,success,2025-04-09 00:05:46
46,logout,,success,2025-04-09 06:38:54
,write_message,3,success,2025-04-09 06:36:27
53,view_topic,5,success,2025-04-09 00:44:13
12,visit_site,,success,2025-04-09 14:08:33
27,visit_site,,success,2025-04-09 18:40:58
9,visit_site,,success,2025-04-10 19:16:44
74,visit_site,,success,2025-04-10 16:59:45
29,visit_site,,success,2025-04-10 04:40:48
40,visit_site,,success,2025-04-10 19:36:49
78,visit_site,,success,2025-04-10 11:33:16
91,register,,success,2025-04-10 01:37:47
7,register,,success,2025-04-10 16:10:31
55,register,,success,2025-04-10 09:52:12
45,register,,success,2025-04-10 00:57:52
87,register,,success,2025-04-10 11:45:10
84,login,,success,2025-04-10 13:40:05
73,login,,success,2025-04-10 18:24:37
53,login,,success,2025-04-10 01:01:16
35,login,,success,2025-04-10 16:51:44
8,login,,success,2025-04-10 13:30:17
65,logout,,success,2025-04-10 11:46:50
100,logout,,success,2025-04-10 20:28:43
59,logout,,success,2025-04-10 14:34:20
60,logout,,success,2025-04-10 11:41:49
88,logout,,success,2025-04-10 12:02:53
,create_topic,,error,2025-04-10 12:42:48
,create_topic,,error,2025-04-10 05:47:15
78,create_topic,62,success,2025-04-10 17:05:50
50,create_topic,63,success,2025-04-10 21:21:11
22,create_topic,64,success,2025-04-10 22:36:02
92,view_topic,42,success,2025-04-10 07:42:43
93,view_topic,38,success,2025-04-10 02:48:36
59,view_topic,41,success,2025-04-10 02:50:18
48,view_topic,30,success,2025-04-10 21:19:37
85,view_topic,49,success,2025-04-10 11:09:14
23,delete_topic,26,success,2025-04-10 17:57:24
80,delete_topic,1,success,2025-04-10 20:19:14
94,delete_topic,41,success,2025-04-10 10:38:11
94,delete_topic,34,success,2025-04-10 09:34:29
77,delete_topic,58,success,2025-04-10 22:47:44
,write_message,2,success,2025-04-10 03:08:51
,write_message,7,success,2025-04-10 10:46:50
,write_message,60,success,2025-04-10 00:51:12
27,write_message,11,success,2025-04-10 03:27:21
,write_message,39,success,2025-04-10 08:12:18
37,create_topic,65,success,2025-04-10 13:39:04
23,logout,,success,2025-04-10 03:13:16
28,login,,success,2025-04-10 22:53:00
90,view_topic,37,success,2025-04-10 00:02:58
4,login,,success,2025-04-10 10:26:30
68,view_topic,1,success,2025-04-10 01:08:46
65,view_topic,52,success,2025-04-10 21:13:48
11,visit_site,,success,2025-04-10 02:11:54
7,logout,,success,2025-04-10 14:32:12
28,logout,,success,2025-04-10 10:51:19
4,create_topic,66,success,2025-04-10 11:16:53
19,logout,,success,2025-04-10 10:55:45
97,visit_site,,success,2025-04-10 02:40:27
26,create_topic,67,success,2025-04-10 22:49:20
13,view_topic,54,success,2025-04-10 21:23:53
78,create_topic,68,success,2025-04-10 01:00:33
62,register,,success,2025-04-10 20:09:06
43,visit_site,,success,2025-04-10 16:40:15
5,visit_site,,success,2025-04-10 05:27:47
77,visit_site,,success,2025-04-10 14:38:40
91,delete_topic,66,success,2025-04-10 05:44:59
59,visit_site,,success,2025-04-10 01:25:29
3,visit_site,,success,2025-04-10 16:33:58
30,delete_topic,66,success,2025-04-10 23:04:44
70,view_topic,12,success,2025-04-10 09:05:48
5,delete_topic,54,success,2025-04-10 08:33:57
34,write_message,15,success,2025-04-10 06:22:29
39,register,,success,2025-04-10 05:32:22
21,visit_site,,success,2025-04-10 16:08:24
37,visit_site,,success,2025-04-10 02:01:33
70,visit_site,,success,2025-04-11 19:11:45
70,visit_site,,success,2025-04-11 23:31:11
42,visit_site,,success,2025-04-11 20:28:26
60,visit_site,,success,2025-04-11 02:26:49
51,visit_site,,success,2025-04-11 21:05:19
2,register,,success,2025-04-11 02:34:03
79,register,,success,2025-04-11 01:40:25
36,register,,success,2025-04-11 15:23:51
6,register,,success,2025-04-11 02:15:58
76,register,,success,2025-04-11 04:35:00
75,login,,success,2025-04-11 11:11:52
60,login,,success,2025-04-11 03:54:08
43,login,,success,2025-04-11 13:44:45
24,login,,success,2025-04-11 15:49:43
41,login,,success,2025-04-11 18:35:51
75,logout,,success,2025-04-11 07:07:27
14,logout,,success,2025-04-11 04:15:53
74,logout,,success,2025-04-11 07:49:13
73,logout,,success,2025-04-11 18:37:23
23,logout,,success,2025-04-11 01:29:18
,create_topic,,error,2025-04-11 00:15:10
39,create_topic,69,success,2025-04-11 15:34:57
,create_topic,,error,2025-04-11 18:59:06
4,create_topic,70,success,2025-04-11 01:06:00
80,create_topic,71,success,2025-04-11 12:55:25
32,view_topic,69,success,2025-04-11 00:51:20
8,view_topic,25,success,2025-04-11 19:06:56
24,view_topic,12,success,2025-04-11 05:19:28
17,view_topic,34,success,2025-04-11 08:46:16
96,view_topic,49,success,2025-04-11 18:06:48
94,delete_topic,32,success,2025-04-11 22:41:13
93,delete_topic,67,success,2025-04-11 22:57:10
51,delete_topic,37,success,2025-04-11 17:08:24
84,delete_topic,53,success,2025-04-11 21:45:54
15,delete_topic,33,success,2025-04-11 12:58:07
53,write_message,59,success,2025-04-11 22:34:54
20,write_message,41,success,2025-04-11 21:39:30
,write_message,13,success,2025-04-11 00:48:51
,write_message,58,success,2025-04-11 13:02:08
56,write_message,37,success,2025-04-11 00:30:43
95,register,,success,2025-04-11 23:48:23
82,visit_site,,success,2025-04-11 01:22:37
40,logout,,success,2025-04-11 16:39:14
94,login,,success,2025-04-11 13:21:14
45,logout,,success,2025-04-11 21:49:57
15,visit_site,,success,2025-04-11 16:11:37
19,logout,,success,2025-04-11 01:35:52
24,login,,success,2025-04-11 05:15:33
27,register,,success,2025-04-11 23:35:30
88,delete_topic,23,success,2025-04-11 13:55:13
7,write_message,44,success,2025-04-11 13:12:37
4,login,,success,2025-04-11 19:27:10
73,visit_site,,success,2025-04-11 15:37:46
51,visit_site,,success,2025-04-11 10:16:42
93,delete_topic,35,success,2025-04-11 10:27:53
23,logout,,success,2025-04-11 11:18:06
23,delete_topic,48,success,2025-04-11 07:46:36
30,visit_site,,success,2025-04-11 07:43:07
76,create_topic,72,success,2025-04-11 12:05:27
8,logout,,success,2025-04-11 20:32:55
85,create_topic,73,success,2025-04-11 21:28:56
12,login,,success,2025-04-11 00:09:19
94,login,,success,2025-04-11 18:57:39
81,register,,success,2025-04-11 04:57:04
83,visit_site,,success,2025-04-11 13:49:30
53,register,,success,2025-04-11 21:12:35
79,delete_topic,36,success,2025-04-11 19:53:02
52,delete_topic,23,success,2025-04-11 01:45:29
33,logout,,success,2025-04-11 21:32:51
50,login,,success,2025-04-11 20:16:45
41,logout,,success,2025-04-11 18:37:16
74,logout,,success,2025-04-11 01:04:59
,write_message,39,success,2025-04-11 20:07:42
63,write_message,9,success,2025-04-11 18:31:01
58,view_topic,31,success,2025-04-11 06:44:48
,create_topic,,error,2025-04-11 12:47:36
20,login,,success,2025-04-11 13:41:27
64,delete_topic,43,success,2025-04-11 15:05:58
3,logout,,success,2025-04-11 00:06:16
80,view_topic,27,success,2025-04-11 15:14:30
31,view_topic,59,success,2025-04-11 02:14:11
50,login,,success,2025-04-11 15:52:25
7,login,,success,2025-04-11 13:05:12
57,delete_topic,53,success,2025-04-11 01:49:07
55,visit_site,,success,2025-04-11 07:03:30
23,login,,success,2025-04-11 07:02:40
77,login,,success,2025-04-11 10:55:31
42,login,,success,2025-04-11 14:18:28
76,view_topic,30,success,2025-04-11 07:12:06
62,visit_site,,success,2025-04-12 10:27:16
26,visit_site,,success,2025-04-12 12:56:30
36,visit_site,,success,2025-04-12 18:09:06
25,visit_site,,success,2025-04-12 19:49:12
84,visit_site,,success,2025-04-12 13:30:02
92,register,,success,2025-04-12 00:34:04
57,register,,success,2025-04-12 01:26:10
47,register,,success,2025-04-12 02:24:39
56,register,,success,2025-04-12 21:55:17
8,register,,success,2025-04-12 15:25:43
83,login,,success,2025-04-12 17:31:00
13,login,,success,2025-04-12 14:44:14
43,login,,success,2025-04-12 08:03:59
77,login,,success,2025-04-12 06:38:05
66,login,,success,2025-04-12 03:19:00
59,logout,,success,2025-04-12 22:10:18
62,logout,,success,2025-04-12 09:40:41
89,logout,,success,2025-04-12 01:45:05
62,logout,,success,2025-04-12 23:23:42
32,logout,,success,2025-04-12 19:03:58
43,create_topic,74,success,2025-04-12 14:33:34
78,create_topic,75,success,2025-04-12 08:20:29
,create_topic,,error,2025-04-12 03:16:22
,create_topic,,error,2025-04-12 22:19:19
8,create_topic,76,success,2025-04-12 09:37:52
95,view_topic,66,success,2025-04-12 00:54:15
26,view_topic,57,success,2025-04-12 22:12:48
43,view_topic,21,success,2025-04-12 07:56:11
87,view_topic,22,success,2025-04-12 17:48:13
5,view_topic,18,success,2025-04-12 06:40:19
86,delete_topic,47,success,2025-04-12 23:10:20
56,delete_topic,61,success,2025-04-12 14:26:38
44,delete_topic,3,success,2025-04-12 08:59:10
10,delete_topic,29,success,2025-04-12 01:02:32
11,delete_topic,49,success,2025-04-12 10:34:42
11,write_message,40,success,2025-04-12 19:10:16
13,write_message,11,success,2025-04-12 01:35:35
66,write_message,2,success,2025-04-12 04:34:51
,write_message,50,success,2025-04-12 11:20:32
,write_message,71,success,2025-04-12 12:13:09
96,delete_topic,43,success,2025-04-12 02:36:38
24,view_topic,69,success,2025-04-12 07:22:14
51,write_message,29,success,2025-04-12 14:55:09
,write_message,64,success,2025-04-12 17:40:08
23,logout,,success,2025-04-12 17:23:31
92,write_message,28,success,2025-04-12 13:31:08
,write_message,4,success,2025-04-12 13:04:57
53,logout,,success,2025-04-12 16:06:10
,write_message,62,success,2025-04-12 00:49:09
28,register,,success,2025-04-12 20:53:47
9,logout,,success,2025-04-12 18:35:21
85,delete_topic,10,success,2025-04-12 21:06:14
44,register,,success,2025-04-12 14:52:26
49,delete_topic,37,success,2025-04-12 17:16:36
60,visit_site,,success,2025-04-12 05:43:56
48,create_topic,77,success,2025-04-12 04:14:17
93,logout,,success,2025-04-12 07:41:50
52,visit_site,,success,2025-04-12 19:48:32
12,delete_topic,58,success,2025-04-12 04:49:05
32,login,,success,2025-04-12 08:43:50
54,delete_topic,12,success,2025-04-12 20:44:02
,create_topic,,error,2025-04-12 18:41:34
33,visit_site,,success,2025-04-13 00:39:42
21,visit_site,,success,2025-04-13 14:08:41
92,visit_site,,success,2025-04-13 23:22:07
95,visit_site,,success,2025-04-13 12:58:44
41,visit_site,,success,2025-04-13 16:14:38
6,register,,success,2025-04-13 04:36:20
58,register,,success,2025-04-13 06:57:54
86,register,,success,2025-04-13 06:40:04
79,register,,success,2025-04-13 22:33:40
5,register,,success,2025-04-13 10:25:46
19,login,,success,2025-04-13 00:38:14
7,login,,success,2025-04-13 06:19:26
28,login,,success,2025-04-13 20:58:28
11,login,,success,2025-04-13 02:14:42
2,login,,success,2025-04-13 11:19:07
77,logout,,success,2025-04-13 04:31:06
30,logout,,success,2025-04-13 09:24:39
23,logout,,success,2025-04-13 08:42:23
19,logout,,success,2025-04-13 02:05:17
18,logout,,success,2025-04-13 19:12:09
20,create_topic,78,success,2025-04-13 23:54:06
,create_topic,,error,2025-04-13 11:50:59
,create_topic,,error,2025-04-13 08:30:05
54,create_topic,79,success,2025-04-13 20:22:19
36,create_topic,80,success,2025-04-13 10:46:58
31,view_topic,29,success,2025-04-13 08:51:03
98,view_topic,18,success,2025-04-13 15:29:05
2,view_topic,17,success,2025-04-13 15:38:56
5,view_topic,19,success,2025-04-13 02:12:49
80,view_topic,17,success,2025-04-13 04:55:25
43,delete_topic,36,success,2025-04-13 07:26:31
66,delete_topic,66,success,2025-04-13 17:56:26
44,delete_topic,35,success,2025-04-13 07:34:18
7,delete_topic,43,success,2025-04-13 18:23:30
75,delete_topic,69,success,2025-04-13 16:40:38
,write_message,5,success,2025-04-13 08:41:04
,write_message,69,success,2025-04-13 23:13:47
,write_message,63,success,2025-04-13 19:07:42
,write_message,32,success,2025-04-13 22:19:58
17,write_message,48,success,2025-04-13 16:54:21
82,view_topic,16,success,2025-04-13 22:50:56
58,view_topic,37,success,2025-04-13 22:20:32
15,register,,success,2025-04-13 12:46:26
55,create_topic,81,success,2025-04-13 01:57:26
43,logout,,success,2025-04-13 21:03:59
5,register,,success,2025-04-13 05:58:39
50,visit_site,,success,2025-04-13 04:08:25
100,delete_topic,27,success,2025-04-13 04:32:19
39,write_message,79,success,2025-04-13 12:12:45
65,create_topic,82,success,2025-04-13 11:31:20
33,register,,success,2025-04-13 05:35:47
50,register,,success,2025-04-13 01:59:26
26,logout,,success,2025-04-13 07:42:48
26,delete_topic,67,success,2025-04-13 00:11:34
97,delete_topic,14,success,2025-04-13 04:52:50
44,create_topic,83,success,2025-04-13 10:05:47
87,visit_site,,success,2025-04-13 18:25:15
13,create_topic,84,success,2025-04-13 18:06:57
19,view_topic,66,success,2025-04-13 00:55:26
63,delete_topic,30,success,2025-04-13 08:37:36
15,register,,success,2025-04-13 20:27:43
22,logout,,success,2025-04-13 04:59:58
,write_message,25,success,2025-04-13 05:35:39
20,logout,,success,2025-04-13 10:26:09
6,register,,success,2025-04-13 00:38:11
4,create_topic,85,success,2025-04-13 13:31:58
93,create_topic,86,success,2025-04-13 17:19:38
59,visit_site,,success,2025-04-14 18:48:19
75,visit_site,,success,2025-04-14 23:34:06
18,visit_site,,success,2025-04-14 05:43:13
56,visit_site,,success,2025-04-14 15:25:21
92,visit_site,,success,2025-04-14 20:16:35
88,register,,success,2025-04-14 16:09:04
14,register,,success,2025-04-14 04:13:13
65,register,,success,2025-04-14 13:24:13
76,register,,success,2025-04-14 14:43:45
72,register,,success,2025-04-14 15:48:02
41,login,,success,2025-04-14 16:44:07
60,login,,success,2025-04-14 05:59:08
25,login,,success,2025-04-14 06:10:40
59,login,,success,2025-04-14 12:16:12
20,login,,success,2025-04-14 12:53:45
10,logout,,success,2025-04-14 23:39:49
97,logout,,success,2025-04-14 17:56:05
7,logout,,success,2025-04-14 06:11:47
55,logout,,success,2025-04-14 14:08:21
48,logout,,success,2025-04-14 09:03:23
29,create_topic,87,success,2025-04-14 06:39:58
61,create_topic,88,success,2025-04-14 23:23:01
,create_topic,,error,2025-04-14 06:09:24
60,create_topic,89,success,2025-04-14 09:16:23
,create_topic,,error,2025-04-14 10:27:27
82,view_topic,26,success,2025-04-14 10:55:31
32,view_topic,66,success,2025-04-14 23:19:58
73,view_topic,74,success,2025-04-14 04:34:28
90,view_topic,42,success,2025-04-14 04:15:41
18,view_topic,49,success,2025-04-14 06:49:16
23,delete_topic,88,success,2025-04-14 13:49:50
84,delete_topic,8,success,2025-04-14 05:55:08
14,delete_topic,73,success,2025-04-14 11:43:07
51,delete_topic,76,success,2025-04-14 01:37:58
41,delete_topic,41,success,2025-04-14 09:27:49
,write_message,8,success,2025-04-14 03:02:54
11,write_message,68,success,2025-04-14 05:04:59
,write_message,53,success,2025-04-14 23:09:54
,write_message,19,success,2025-04-14 10:59:14
,write_message,1,success,2025-04-14 22:17:31
49,login,,success,2025-04-14 02:49:06
68,view_topic,27,success,2025-04-14 10:35:01
45,visit_site,,success,2025-04-14 11:26:18
16,visit_site,,success,2025-04-14 06:28:17
64,register,,success,2025-04-14 19:07:56
2,register,,success,2025-04-14 19:40:54
,write_message,14,success,2025-04-14 08:59:27
29,write_message,86,success,2025-04-14 00:13:13
83,view_topic,74,success,2025-04-14 10:12:07
39,create_topic,90,success,2025-04-14 21:57:09
29,visit_site,,success,2025-04-14 20:35:07
31,logout,,success,2025-04-14 09:02:29
59,register,,success,2025-04-14 04:41:16
15,create_topic,91,success,2025-04-14 16:54:58
62,create_topic,92,success,2025-04-14 03:04:13
59,register,,success,2025-04-14 00:24:08
,create_topic,,error,2025-04-14 02:21:04
40,logout,,success,2025-04-14 06:01:53
3,write_message,69,success,2025-04-14 00:42:39
63,visit_site,,success,2025-04-14 00:52:00
75,write_message,59,success,2025-04-14 22:58:50
40,view_topic,40,success,2025-04-14 00:22:31
64,login,,success,2025-04-14 07:35:29
5,visit_site,,success,2025-04-14 16:25:15
68,visit_site,,success,2025-04-15 21:20:41
27,visit_site,,success,2025-04-15 22:33:19
73,visit_site,,success,2025-04-15 16:12:46
93,visit_site,,success,2025-04-15 10:38:27
28,visit_site,,success,2025-04-15 06:55:49
33,register,,success,2025-04-15 01:20:29
3,register,,success,2025-04-15 12:15:03
54,register,,success,2025-04-15 05:58:09
69,register,,success,2025-04-15 16:44:39
53,register,,success,2025-04-15 03:57:55
22,login,,success,2025-04-15 12:54:21
8,login,,success,2025-04-15 00:03:19
15,login,,success,2025-04-15 23:35:26
19,login,,success,2025-04-15 21:21:36
72,login,,success,2025-04-15 19:58:14
84,logout,,success,2025-04-15 21:05:54
10,logout,,success,2025-04-15 04:05:22
57,logout,,success,2025-04-15 11:25:59
2,logout,,success,2025-04-15 19:34:07
52,logout,,success,2025-04-15 06:45:53
,create_topic,,error,2025-04-15 16:02:37
,create_topic,,error,2025-04-15 22:52:48
76,create_topic,93,success,2025-04-15 20:23:56
60,create_topic,94,success,2025-04-15 12:33:18
31,create_topic,95,success,2025-04-15 20:39:44
58,view_topic,34,success,2025-04-15 13:57:03
78,view_topic,87,success,2025-04-15 11:08:38
64,view_topic,28,success,2025-04-15 20:24:16
70,view_topic,81,success,2025-04-15 03:31:15
32,view_topic,8,success,2025-04-15 16:46:48
2,delete_topic,55,success,2025-04-15 04:33:29
45,delete_topic,31,success,2025-04-15 04:25:49
48,delete_topic,8,success,2025-04-15 16:36:33
86,delete_topic,45,success,2025-04-15 13:21:51
75,delete_topic,95,success,2025-04-15 09:46:39
,write_message,85,success,2025-04-15 07:53:42
,write_message,41,success,2025-04-15 03:59:54
,write_message,64,success,2025-04-15 17:51:19
59,write_message,5,success,2025-04-15 21:05:07
50,write_message,17,success,2025-04-15 14:26:51
,write_message,94,success,2025-04-15 10:54:01
38,logout,,success,2025-04-15 03:07:29
4,logout,,success,2025-04-15 05:15:25
1,login,,success,2025-04-15 14:08:44
88,visit_site,,success,2025-04-15 16:41:10
80,visit_site,,success,2025-04-15 02:55:38
86,register,,success,2025-04-15 07:56:49
85,register,,success,2025-04-15 22:09:43
51,visit_site,,success,2025-04-15 06:57:03
9,view_topic,31,success,2025-04-15 04:48:45
,write_message,22,success,2025-04-15 16:02:29
79,visit_site,,success,2025-04-15 02:44:35
81,visit_site,,success,2025-04-15 13:25:51
16,login,,success,2025-04-15 07:59:49
51,register,,success,2025-04-15 11:30:42
69,logout,,success,2025-04-15 23:03:27
62,create_topic,96,success,2025-04-15 20:53:31
17,delete_topic,64,success,2025-04-15 10:09:00
65,visit_site,,success,2025-04-15 07:28:50
37,write_message,39,success,2025-04-15 01:00:16
8,visit_site,,success,2025-04-15 03:21:17
76,write_message,77,success,2025-04-15 12:48:47
15,view_topic,18,success,2025-04-15 02:32:49
89,visit_site,,success,2025-04-16 09:32:28
41,visit_site,,success,2025-04-16 17:30:40
60,visit_site,,success,2025-04-16 04:41:20
93,visit_site,,success,2025-04-16 13:08:04
53,visit_site,,success,2025-04-16 15:06:46
69,register,,success,2025-04-16 06:16:52
68,register,,success,2025-04-16 23:39:07
77,register,,success,2025-04-16 12:58:12
99,register,,success,2025-04-16 10:21:17
69,register,,success,2025-04-16 23:26:17
4,login,,success,2025-04-16 07:17:19
88,login,,success,2025-04-16 06:39:09
64,login,,success,2025-04-16 22:56:42
99,login,,success,2025-04-16 17:10:36
6,login,,success,2025-04-16 23:45:10
27,logout,,success,2025-04-16 20:25:42
12,logout,,success,2025-04-16 07:19:55
55,logout,,success,2025-04-16 08:55:16
90,logout,,success,2025-04-16 02:23:01
70,logout,,success,2025-04-16 21:26:04
98,create_topic,97,success,2025-04-16 06:12:07
35,create_topic,98,success,2025-04-16 00:27:48
,create_topic,,error,2025-04-16 06:39:48
1,create_topic,99,success,2025-04-16 17:59:52
50,create_topic,100,success,2025-04-16 06:51:09
85,view_topic,65,success,2025-04-16 05:32:51
50,view_topic,86,success,2025-04-16 13:11:57
44,view_topic,69,success,2025-04-16 08:11:52
55,view_topic,42,success,2025-04-16 16:44:43
34,view_topic,38,success,2025-04-16 11:51:37
81,delete_topic,6,success,2025-04-16 12:41:31
61,delete_topic,58,success,2025-04-16 19:08:10
16,delete_topic,35,success,2025-04-16 21:59:07
72,delete_topic,51,success,2025-04-16 02:01:55
53,delete_topic,99,success,2025-04-16 06:30:51
37,write_message,12,success,2025-04-16 11:33:33
,write_message,5,success,2025-04-16 00:39:23
,write_message,44,success,2025-04-16 13:46:31
,write_message,27,success,2025-04-16 16:42:46
,write_message,53,success,2025-04-16 12:48:01
98,view_topic,10,success,2025-04-16 14:53:42
2,visit_site,,success,2025-04-16 07:25:40
98,create_topic,101,success,2025-04-16 19:43:34
86,create_topic,102,success,2025-04-16 01:59:42
90,logout,,success,2025-04-16 07:51:14
100,login,,success,2025-04-16 04:24:59
,write_message,20,success,2025-04-16 05:14:49
4,visit_site,,success,2025-04-16 02:13:28
31,write_message,31,success,2025-04-16 07:23:35
73,logout,,success,2025-04-16 13:56:00
,write_message,54,success,2025-04-16 10:46:41
12,login,,success,2025-04-16 23:43:37
26,create_topic,103,success,2025-04-16 03:36:51
18,login,,success,2025-04-16 23:34:17
47,create_topic,104,success,2025-04-16 05:21:20
72,logout,,success,2025-04-16 01:38:30
49,logout,,success,2025-04-16 11:28:36
12,delete_topic,19,success,2025-04-16 18:07:33
27,login,,success,2025-04-16 18:13:15
75,logout,,success,2025-04-16 12:25:29
3,view_topic,14,success,2025-04-16 15:06:40
7,view_topic,28,success,2025-04-16 06:50:29
29,login,,success,2025-04-16 10:32:37
9,visit_site,,success,2025-04-17 09:18:25
13,visit_site,,success,2025-04-17 04:39:56
2,visit_site,,success,2025-04-17 05:34:08
7,visit_site,,success,2025-04-17 17:04:41
3,visit_site,,success,2025-04-17 08:24:35
19,register,,success,2025-04-17 13:16:29
32,register,,success,2025-04-17 20:53:04
10,register,,success,2025-04-17 15:04:57
15,register,,success,2025-04-17 18:05:02
81,register,,success,2025-04-17 12:21:27
90,login,,success,2025-04-17 03:21:56
38,login,,success,2025-04-17 00:53:55
1,login,,success,2025-04-17 09:40:21
59,login,,success,2025-04-17 07:18:11
62,login,,success,2025-04-17 16:33:31
26,logout,,success,2025-04-17 20:09:07
3,logout,,success,2025-04-17 19:25:34
74,logout,,success,2025-04-17 04:36:07
73,logout,,success,2025-04-17 16:35:56
37,logout,,success,2025-04-17 08:28:52
34,create_topic,105,success,2025-04-17 11:45:20
,create_topic,,error,2025-04-17 14:48:20
53,create_topic,106,success,2025-04-17 11:42:53
66,create_topic,107,success,2025-04-17 10:38:31
,create_topic,,error,2025-04-17 04:01:48
82,view_topic,10,success,2025-04-17 10:03:15
55,view_topic,93,success,2025-04-17 11:19:46
89,view_topic,72,success,2025-04-17 21:25:09
99,view_topic,6,success,2025-04-17 08:13:14
16,view_topic,95,success,2025-04-17 12:45:19
17,delete_topic,93,success,2025-04-17 02:35:13
54,delete_topic,21,success,2025-04-17 09:35:35
32,delete_topic,56,success,2025-04-17 02:16:37
45,delete_topic,42,success,2025-04-17 07:37:08
64,delete_topic,49,success,2025-04-17 00:38:33
54,write_message,106,success,2025-04-17 01:30:53
,write_message,32,success,2025-04-17 03:56:55
,write_message,63,success,2025-04-17 23:53:50
65,write_message,36,success,2025-04-17 08:26:43
92,write_message,97,success,2025-04-17 11:12:54
11,create_topic,108,success,2025-04-17 22:13:20
11,visit_site,,success,2025-04-17 00:56:08
59,write_message,36,success,2025-04-17 12:05:15
93,delete_topic,68,success,2025-04-17 09:14:47
,write_message,3,success,2025-04-17 07:18:40
3,visit_site,,success,2025-04-17 20:27:50
73,delete_topic,6,success,2025-04-17 21:04:51
4,login,,success,2025-04-17 13:24:30
23,create_topic,109,success,2025-04-17 21:25:42
,write_message,10,success,2025-04-17 02:30:49
84,view_topic,1,success,2025-04-17 09:32:48
3,delete_topic,39,success,2025-04-17 08:09:30
51,register,,success,2025-04-17 06:56:56
80,register,,success,2025-04-17 15:54:14
85,login,,success,2025-04-17 13:19:09
57,login,,success,2025-04-17 08:21:59
79,login,,success,2025-04-17 17:44:05
23,register,,success,2025-04-17 07:20:27
48,visit_site,,success,2025-04-17 12:22:59
56,logout,,success,2025-04-17 09:51:26
99,visit_site,,success,2025-04-17 02:25:35
62,view_topic,60,success,2025-04-17 23:15:08
96,visit_site,,success,2025-04-17 11:17:34
53,register,,success,2025-04-17 01:51:55
52,view_topic,105,success,2025-04-17 05:58:31
6,visit_site,,success,2025-04-17 13:12:53
91,view_topic,105,success,2025-04-17 03:45:19
26,visit_site,,success,2025-04-18 23:15:06
33,visit_site,,success,2025-04-18 05:05:09
66,visit_site,,success,2025-04-18 06:50:11
72,visit_site,,success,2025-04-18 13:55:14
50,visit_site,,success,2025-04-18 02:46:37
56,register,,success,2025-04-18 10:53:35
53,register,,success,2025-04-18 18:55:11
42,register,,success,2025-04-18 12:04:21
60,register,,success,2025-04-18 14:57:37
63,register,,success,2025-04-18 09:35:54
51,login,,success,2025-04-18 01:44:51
69,login,,success,2025-04-18 06:45:35
9,login,,success,2025-04-18 11:54:45
58,login,,success,2025-04-18 18:51:07
28,login,,success,2025-04-18 04:56:42
4,logout,,success,2025-04-18 10:19:30
96,logout,,success,2025-04-18 20:15:59
46,logout,,success,2025-04-18 18:12:09
28,logout,,success,2025-04-18 22:26:59
68,logout,,success,2025-04-18 11:02:48
75,create_topic,110,success,2025-04-18 14:33:24
,create_topic,,error,2025-04-18 12:02:19
66,create_topic,111,success,2025-04-18 23:47:20
94,create_topic,112,success,2025-04-18 05:49:23
,create_topic,,error,2025-04-18 08:50:03
56,view_topic,100,success,2025-04-18 20:52:42
7,view_topic,3,success,2025-04-18 10:13:23
2,view_topic,8,success,2025-04-18 11:42:16
54,view_topic,108,success,2025-04-18 23:07:43
28,view_topic,106,success,2025-04-18 16:02:33
73,delete_topic,39,success,2025-04-18 19:23:27
29,delete_topic,102,success,2025-04-18 11:20:27
64,delete_topic,52,success,2025-04-18 17:17:00
82,delete_topic,81,success,2025-04-18 18:31:13
93,delete_topic,88,success,2025-04-18 12:08:04
,write_message,109,success,2025-04-18 18:46:38
48,write_message,69,success,2025-04-18 08:25:06
,write_message,2,success,2025-04-18 06:05:36
37,write_message,11,success,2025-04-18 07:11:56
78,write_message,19,success,2025-04-18 20:08:40
78,register,,success,2025-04-18 13:05:06
16,delete_topic,25,success,2025-04-18 16:15:15
98,login,,success,2025-04-18 04:22:31
68,register,,success,2025-04-18 16:10:10
,write_message,30,success,2025-04-18 16:22:14
99,create_topic,113,success,2025-04-18 16:35:25
41,register,,success,2025-04-18 15:25:13
42,register,,success,2025-04-18 11:14:43
5,create_topic,114,success,2025-04-18 07:01:43
18,delete_topic,29,success,2025-04-18 22:10:10
76,view_topic,15,success,2025-04-18 19:03:13
96,logout,,success,2025-04-18 10:10:04
,write_message,2,success,2025-04-18 09:02:15
44,write_message,70,success,2025-04-18 07:15:40
35,delete_topic,70,success,2025-04-18 22:28:29
31,visit_site,,success,2025-04-18 04:28:45
66,login,,success,2025-04-18 15:20:53
92,register,,success,2025-04-18 04:58:27
9,write_message,7,success,2025-04-18 00:27:57
5,login,,success,2025-04-18 16:06:05
82,register,,success,2025-04-18 03:57:49
73,logout,,success,2025-04-18 12:32:45
59,delete_topic,52,success,2025-04-18 00:04:31
,write_message,99,success,2025-04-18 09:14:22
77,logout,,success,2025-04-18 21:52:38
87,register,,success,2025-04-18 00:52:39
38,view_topic,113,success,2025-04-18 21:39:22
77,delete_topic,65,success,2025-04-18 03:07:58
27,login,,success,2025-04-18 12:53:38
67,create_topic,115,success,2025-04-18 08:34:23
63,logout,,success,2025-04-18 19:07:41
13,login,,success,2025-04-18 08:02:48
25,login,,success,2025-04-18 08:13:58
37,logout,,success,2025-04-18 00:54:43
93,create_topic,116,success,2025-04-18 13:57:42
47,delete_topic,90,success,2025-04-18 20:12:02
76,logout,,success,2025-04-18 23:59:11
76,logout,,success,2025-04-18 05:01:30
,write_message,8,success,2025-04-18 13:59:53
71,logout,,success,2025-04-18 03:52:02
72,login,,success,2025-04-18 19:10:20
11,write_message,34,success,2025-04-18 04:20:50
4,create_topic,117,success,2025-04-18 10:29:10
24,view_topic,73,success,2025-04-18 18:04:52
12,visit_site,,success,2025-04-18 13:39:04
94,visit_site,,success,2025-04-18 07:43:23
2,logout,,success,2025-04-18 13:08:12
26,logout,,success,2025-04-18 23:04:35
83,visit_site,,success,2025-04-19 11:46:58
13,visit_site,,success,2025-04-19 05:34:47
27,visit_site,,success,2025-04-19 21:15:33
97,visit_site,,success,2025-04-19 11:18:21
14,visit_site,,success,2025-04-19 15:00:03
62,register,,success,2025-04-19 22:41:29
83,register,,success,2025-04-19 04:33:11
30,register,,success,2025-04-19 17:33:24
49,register,,success,2025-04-19 19:43:17
41,register,,success,2025-04-19 00:49:25
75,login,,success,2025-04-19 04:20:13
37,login,,success,2025-04-19 03:14:07
62,login,,success,2025-04-19 02:05:34
45,login,,success,2025-04-19 16:53:06
78,login,,success,2025-04-19 18:37:30
86,logout,,success,2025-04-19 17:49:55
48,logout,,success,2025-04-19 20:15:25
100,logout,,success,2025-04-19 21:10:43
38,logout,,success,2025-04-19 10:57:56
52,logout,,success,2025-04-19 09:51:33
64,create_topic,118,success,2025-04-19 18:24:49
,create_topic,,error,2025-04-19 02:44:49
30,create_topic,119,success,2025-04-19 21:50:45
73,create_topic,120,success,2025-04-19 16:23:50
,create_topic,,error,2025-04-19 10:28:03
86,view_topic,2,success,2025-04-19 17:41:50
20,view_topic,13,success,2025-04-19 18:50:37
28,view_topic,11,success,2025-04-19 15:36:50
94,view_topic,15,success,2025-04-19 05:39:18
39,view_topic,76,success,2025-04-19 08:15:02
38,delete_topic,2,success,2025-04-19 22:10:27
63,delete_topic,48,success,2025-04-19 08:50:22
66,delete_topic,118,success,2025-04-19 10:53:22
70,delete_topic,29,success,2025-04-19 12:34:45
22,delete_topic,105,success,2025-04-19 21:16:21
56,write_message,67,success,2025-04-19 23:49:09
,write_message,1,success,2025-04-19 17:32:47
73,write_message,118,success,2025-04-19 11:34:48
97,write_message,100,success,2025-04-19 13:17:46
4,write_message,69,success,2025-04-19 08:31:18
84,visit_site,,success,2025-04-19 18:45:21
26,logout,,success,2025-04-19 12:54:25
23,write_message,10,success,2025-04-19 15:42:18
7,delete_topic,117,success,2025-04-19 01:04:14
,write_message,63,success,2025-04-19 10:24:39
77,delete_topic,53,success,2025-04-19 17:11:16
63,visit_site,,success,2025-04-19 14:41:09
24,visit_site,,success,2025-04-19 18:53:18
55,logout,,success,2025-04-19 14:53:04
,write_message,119,success,2025-04-19 23:09:58
87,login,,success,2025-04-19 01:49:46
65,register,,success,2025-04-19 11:12:33
25,delete_topic,73,success,2025-04-19 15:08:27
30,delete_topic,110,success,2025-04-19 16:27:06
14,login,,success,2025-04-19 05:32:17
,write_message,55,success,2025-04-19 01:09:16
78,visit_site,,success,2025-04-19 23:18:54
56,logout,,success,2025-04-19 09:26:18
,write_message,30,success,2025-04-19 12:34:34
88,logout,,success,2025-04-19 09:24:23
9,logout,,success,2025-04-19 20:31:16
,write_message,72,success,2025-04-19 21:44:48
,write_message,75,success,2025-04-19 13:49:00
18,create_topic,121,success,2025-04-19 19:45:26
23,create_topic,122,success,2025-04-19 00:31:10
25,delete_topic,49,success,2025-04-19 20:33:02
31,delete_topic,51,success,2025-04-19 00:04:52
4,write_message,73,success,2025-04-19 12:58:39
99,create_topic,123,success,2025-04-19 22:24:46
47,register,,success,2025-04-19 22:22:01
,create_topic,,error,2025-04-19 02:47:50
57,view_topic,83,success,2025-04-19 03:15:17
62,view_topic,45,success,2025-04-19 16:31:12
43,view_topic,34,success,2025-04-19 18:30:48
90,visit_site,,success,2025-04-19 22:49:54
83,view_topic,89,success,2025-04-19 21:07:22
46,visit_site,,success,2025-04-19 08:24:09
97,register,,success,2025-04-19 19:23:16
41,register,,success,2025-04-19 05:52:50
61,register,,success,2025-04-19 21:35:55
8,delete_topic,59,success,2025-04-19 10:34:14
1,login,,success,2025-04-19 14:27:56
,write_message,118,success,2025-04-19 09:17:06
17,logout,,success,2025-04-19 02:34:00
86,logout,,success,2025-04-19 14:16:39
94,register,,success,2025-04-19 18:59:45
33,view_topic,94,success,2025-04-19 05:20:21
40,visit_site,,success,2025-04-20 10:35:02
91,visit_site,,success,2025-04-20 21:33:08
83,visit_site,,success,2025-04-20 06:39:33
92,visit_site,,success,2025-04-20 15:28:17
42,visit_site,,success,2025-04-20 12:49:23
25,register,,success,2025-04-20 17:49:11
52,register,,success,2025-04-20 13:36:23
30,register,,success,2025-04-20 14:04:52
87,register,,success,2025-04-20 09:36:31
39,register,,success,2025-04-20 22:53:55
55,login,,success,2025-04-20 09:19:20
98,login,,success,2025-04-20 14:05:02
24,login,,success,2025-04-20 01:52:31
89,login,,success,2025-04-20 19:00:13
59,login,,success,2025-04-20 07:50:19
46,logout,,success,2025-04-20 12:44:43
32,logout,,success,2025-04-20 11:33:18
90,logout,,success,2025-04-20 19:48:02
42,logout,,success,2025-04-20 17:04:09
54,logout,,success,2025-04-20 23:04:54
,create_topic,,error,2025-04-20 17:11:33
64,create_topic,124,success,2025-04-20 13:08:21
91,create_topic,125,success,2025-04-20 22:20:53
,create_topic,,error,2025-04-20 13:12:51
9,create_topic,126,success,2025-04-20 19:11:23
14,view_topic,104,success,2025-04-20 00:47:05
27,view_topic,28,success,2025-04-20 16:42:18
29,view_topic,86,success,2025-04-20 17:02:57
61,view_topic,8,success,2025-04-20 09:47:06
19,view_topic,57,success,2025-04-20 18:45:55
81,delete_topic,3,success,2025-04-20 19:59:54
91,delete_topic,102,success,2025-04-20 07:23:13
9,delete_topic,46,success,2025-04-20 06:43:21
49,delete_topic,13,success,2025-04-20 07:50:18
36,delete_topic,115,success,2025-04-20 11:46:55
90,write_message,92,success,2025-04-20 02:27:08
,write_message,38,success,2025-04-20 00:10:03
,write_message,37,success,2025-04-20 02:57:24
34,write_message,24,success,2025-04-20 18:36:49
81,write_message,43,success,2025-04-20 22:13:58
9,write_message,23,success,2025-04-20 13:52:55
93,view_topic,19,success,2025-04-20 07:12:43
66,logout,,success,2025-04-20 16:33:41
92,login,,success,2025-04-20 00:30:32
38,logout,,success,2025-04-20 14:42:56
36,view_topic,56,success,2025-04-20 17:53:29
50,write_message,120,success,2025-04-20 12:02:48
44,register,,success,2025-04-20 09:37:02
44,view_topic,67,success,2025-04-20 01:22:02
20,logout,,success,2025-04-20 19:53:04
99,logout,,success,2025-04-20 04:37:26
,write_message,45,success,2025-04-20 19:56:04
4,logout,,success,2025-04-20 01:16:50
89,write_message,107,success,2025-04-20 18:30:54
93,view_topic,116,success,2025-04-20 09:45:09
59,logout,,success,2025-04-20 09:41:14
,write_message,69,success,2025-04-20 15:06:28
65,logout,,success,2025-04-20 20:59:33
14,login,,success,2025-04-20 11:01:02
85,delete_topic,60,success,2025-04-20 12:11:04
32,delete_topic,76,success,2025-04-20 05:45:51
75,visit_site,,success,2025-04-21 08:43:42
49,visit_site,,success,2025-04-21 21:27:11
90,visit_site,,success,2025-04-21 09:10:48
2,visit_site,,success,2025-04-21 03:10:25
86,visit_site,,success,2025-04-21 02:31:51
83,register,,success,2025-04-21 22:23:16
95,register,,success,2025-04-21 12:35:40
90,register,,success,2025-04-21 15:03:52
69,register,,success,2025-04-21 10:15:15
70,register,,success,2025-04-21 02:46:20
48,login,,success,2025-04-21 04:47:12
14,login,,success,2025-04-21 22:08:02
60,login,,success,2025-04-21 19:16:48
90,login,,success,2025-04-21 13:43:05
9,login,,success,2025-04-21 00:36:24
34,logout,,success,2025-04-21 15:57:12
79,logout,,success,2025-04-21 18:02:27
75,logout,,success,2025-04-21 03:08:09
83,logout,,success,2025-04-21 10:39:43
27,logout,,success,2025-04-21 09:20:50
58,create_topic,127,success,2025-04-21 08:08:00
24,create_topic,128,success,2025-04-21 18:28:41
80,create_topic,129,success,2025-04-21 19:17:44
89,create_topic,130,success,2025-04-21 16:05:56
33,create_topic,131,success,2025-04-21 03:09:29
70,view_topic,68,success,2025-04-21 07:26:42
19,view_topic,78,success,2025-04-21 17:05:31
43,view_topic,121,success,2025-04-21 21:35:03
31,view_topic,131,success,2025-04-21 18:38:15
76,view_topic,123,success,2025-04-21 02:04:36
17,delete_topic,67,success,2025-04-21 05:01:36
41,delete_topic,96,success,2025-04-21 08:56:30
86,delete_topic,104,success,2025-04-21 16:49:06
1,delete_topic,23,success,2025-04-21 04:41:28
71,delete_topic,34,success,2025-04-21 14:48:55
27,write_message,66,success,2025-04-21 08:52:57
21,write_message,84,success,2025-04-21 23:01:06
,write_message,59,success,2025-04-21 07:36:24
30,write_message,41,success,2025-04-21 12:09:44
29,write_message,29,success,2025-04-21 08:47:31
70,login,,success,2025-04-21 02:37:47
38,register,,success,2025-04-21 05:52:10
29,view_topic,115,success,2025-04-21 18:10:26
26,view_topic,24,success,2025-04-21 16:54:12
31,register,,success,2025-04-21 17:20:39
91,create_topic,132,success,2025-04-21 09:39:52
70,logout,,success,2025-04-21 06:03:07
23,register,,success,2025-04-21 08:38:14
29,create_topic,133,success,2025-04-21 18:07:53
19,visit_site,,success,2025-04-21 13:08:33
40,create_topic,134,success,2025-04-21 12:24:10
70,visit_site,,success,2025-04-21 22:58:38
42,view_topic,129,success,2025-04-21 23:05:03
66,logout,,success,2025-04-21 09:12:10
68,register,,success,2025-04-21 14:50:54
74,visit_site,,success,2025-04-21 12:06:44
24,visit_site,,success,2025-04-21 02:32:18
22,login,,success,2025-04-21 04:07:04
94,create_topic,135,success,2025-04-21 10:25:16
25,login,,success,2025-04-21 18:18:35
1,delete_topic,66,success,2025-04-21 04:24:44
61,login,,success,2025-04-21 02:58:35
80,register,,success,2025-04-21 01:14:00
8,login,,success,2025-04-21 04:32:30
79,delete_topic,118,success,2025-04-21 00:41:48
89,register,,success,2025-04-21 09:07:10
89,visit_site,,success,2025-04-21 01:06:41
33,register,,success,2025-04-21 18:44:54
60,login,,success,2025-04-21 08:50:27
27,create_topic,136,success,2025-04-21 10:30:37
19,register,,success,2025-04-21 19:27:55
82,delete_topic,10,success,2025-04-21 23:52:04
87,login,,success,2025-04-21 01:52:23
45,delete_topic,29,success,2025-04-21 12:54:39
57,logout,,success,2025-04-21 21:25:52
74,delete_topic,25,success,2025-04-21 21:12:23
,write_message,110,success,2025-04-21 06:10:46
55,visit_site,,success,2025-04-21 16:41:13
86,delete_topic,2,success,2025-04-21 04:46:49
6,view_topic,92,success,2025-04-21 04:37:46
10,visit_site,,success,2025-04-21 07:01:24
48,login,,success,2025-04-21 06:36:58
54,login,,success,2025-04-21 19:21:02
87,view_topic,58,success,2025-04-21 00:27:23
48,create_topic,137,success,2025-04-21 14:22:55
97,create_topic,138,success,2025-04-21 01:46:32
81,visit_site,,success,2025-04-22 04:56:47
63,visit_site,,success,2025-04-22 17:21:45
46,visit_site,,success,2025-04-22 10:40:21
73,visit_site,,success,2025-04-22 13:55:09
53,visit_site,,success,2025-04-22 04:18:16
63,register,,success,2025-04-22 18:45:00
8,register,,success,2025-04-22 11:46:21
49,register,,success,2025-04-22 17:17:50
43,register,,success,2025-04-22 07:17:35
70,register,,success,2025-04-22 23:19:01
22,login,,success,2025-04-22 18:22:56
100,login,,success,2025-04-22 10:24:38
19,login,,success,2025-04-22 05:37:37
83,login,,success,2025-04-22 03:30:28
69,login,,success,2025-04-22 14:00:29
26,logout,,success,2025-04-22 01:24:06
38,logout,,success,2025-04-22 04:50:46
63,logout,,success,2025-04-22 03:46:46
100,logout,,success,2025-04-22 22:52:56
14,logout,,success,2025-04-22 18:06:26
26,create_topic,139,success,2025-04-22 04:23:28
,create_topic,,error,2025-04-22 19:00:49
88,create_topic,140,success,2025-04-22 15:03:52
66,create_topic,141,success,2025-04-22 15:48:26
,create_topic,,error,2025-04-22 19:13:21
34,view_topic,58,success,2025-04-22 10:53:38
37,view_topic,22,success,2025-04-22 17:48:27
24,view_topic,61,success,2025-04-22 17:44:17
54,view_topic,126,success,2025-04-22 20:53:00
98,view_topic,120,success,2025-04-22 13:56:10
30,delete_topic,133,success,2025-04-22 22:21:30
6,delete_topic,135,success,2025-04-22 04:35:43
92,delete_topic,48,success,2025-04-22 15:59:44
3,delete_topic,112,success,2025-04-22 05:51:17
9,delete_topic,128,success,2025-04-22 23:01:00
74,write_message,133,success,2025-04-22 17:09:35
,write_message,139,success,2025-04-22 15:21:52
26,write_message,62,success,2025-04-22 13:42:22
,write_message,77,success,2025-04-22 03:43:50
98,write_message,82,success,2025-04-22 14:26:21
47,visit_site,,success,2025-04-22 19:27:04
6,create_topic,142,success,2025-04-22 19:11:35
53,visit_site,,success,2025-04-22 01:40:07
96,view_topic,9,success,2025-04-22 06:31:22
33,delete_topic,38,success,2025-04-22 14:14:39
10,logout,,success,2025-04-22 06:39:34
93,register,,success,2025-04-22 18:37:25
81,register,,success,2025-04-22 01:26:17
96,delete_topic,43,success,2025-04-22 15:56:01
48,delete_topic,118,success,2025-04-22 06:40:37
23,logout,,success,2025-04-22 00:01:14
99,write_message,139,success,2025-04-22 03:11:50
80,view_topic,10,success,2025-04-22 13:17:26
72,view_topic,53,success,2025-04-22 12:56:09
11,login,,success,2025-04-22 07:22:58
99,visit_site,,success,2025-04-22 14:16:26
33,view_topic,119,success,2025-04-22 19:26:59
35,create_topic,143,success,2025-04-22 05:56:20
34,logout,,success,2025-04-22 06:13:37
24,login,,success,2025-04-22 10:00:34
58,logout,,success,2025-04-22 09:18:50
,write_message,108,success,2025-04-22 10:14:12
79,delete_topic,49,success,2025-04-22 20:13:11
28,view_topic,35,success,2025-04-22 04:29:17
92,write_message,83,success,2025-04-22 12:56:45
63,view_topic,19,success,2025-04-22 11:38:48
80,delete_topic,99,success,2025-04-22 19:50:36
42,view_topic,21,success,2025-04-22 01:59:40
,write_message,54,success,2025-04-22 12:02:42
91,login,,success,2025-04-22 01:02:07
42,visit_site,,success,2025-04-22 22:47:03
89,write_message,3,success,2025-04-22 20:13:20
95,delete_topic,128,success,2025-04-22 22:28:45
23,register,,success,2025-04-22 18:25:05
31,write_message,38,success,2025-04-22 15:51:36
45,register,,success,2025-04-22 09:18:22
21,delete_topic,65,success,2025-04-22 02:40:34
10,visit_site,,success,2025-04-23 05:32:55
10,visit_site,,success,2025-04-23 23:38:01
57,visit_site,,success,2025-04-23 08:22:57
20,visit_site,,success,2025-04-23 19:21:20
6,visit_site,,success,2025-04-23 09:31:09
72,register,,success,2025-04-23 11:14:06
33,register,,success,2025-04-23 05:36:31
76,register,,success,2025-04-23 18:26:35
4,register,,success,2025-04-23 20:02:05
21,register,,success,2025-04-23 18:39:22
71,login,,success,2025-04-23 15:51:13
77,login,,success,2025-04-23 19:00:09
99,login,,success,2025-04-23 07:45:46
71,login,,success,2025-04-23 01:53:45
22,login,,success,2025-04-23 00:51:16
73,logout,,success,2025-04-23 06:51:17
25,logout,,success,2025-04-23 12:04:05
44,logout,,success,2025-04-23 17:46:18
5,logout,,success,2025-04-23 02:14:52
86,logout,,success,2025-04-23 08:15:49
77,create_topic,144,success,2025-04-23 05:53:17
49,create_topic,145,success,2025-04-23 09:34:42
,create_topic,,error,2025-04-23 21:29:47
,create_topic,,error,2025-04-23 13:07:02
96,create_topic,146,success,2025-04-23 02:00:38
24,view_topic,100,success,2025-04-23 05:24:11
69,view_topic,22,success,2025-04-23 15:03:12
59,view_topic,142,success,2025-04-23 02:15:11
5,view_topic,69,success,2025-04-23 13:39:54
15,view_topic,37,success,2025-04-23 04:57:52
98,delete_topic,88,success,2025-04-23 18:00:10
21,delete_topic,109,success,2025-04-23 11:40:26
23,delete_topic,92,success,2025-04-23 23:19:27
99,delete_topic,2,success,2025-04-23 04:08:20
74,delete_topic,59,success,2025-04-23 18:06:46
,write_message,63,success,2025-04-23 15:22:51
,write_message,89,success,2025-04-23 02:43:05
,write_message,129,success,2025-04-23 21:31:02
50,write_message,113,success,2025-04-23 13:10:12
18,write_message,110,success,2025-04-23 10:14:09
76,login,,success,2025-04-23 02:58:26
25,view_topic,39,success,2025-04-23 02:22:54
99,visit_site,,success,2025-04-23 23:41:10
91,view_topic,77,success,2025-04-23 01:25:48
70,visit_site,,success,2025-04-23 02:30:42
52,view_topic,13,success,2025-04-23 17:01:33
28,login,,success,2025-04-23 19:43:04
59,visit_site,,success,2025-04-23 23:26:59
4,delete_topic,131,success,2025-04-23 12:41:09
29,login,,success,2025-04-23 20:20:22
56,view_topic,91,success,2025-04-23 13:36:15
95,logout,,success,2025-04-23 10:04:00
81,delete_topic,23,success,2025-04-23 18:58:47
92,login,,success,2025-04-23 19:31:38
3,logout,,success,2025-04-23 21:10:09
34,view_topic,18,success,2025-04-23 11:36:18
81,login,,success,2025-04-23 14:11:48
71,visit_site,,success,2025-04-23 10:11:42
65,create_topic,147,success,2025-04-23 14:31:41
,write_message,86,success,2025-04-23 19:15:19
54,delete_topic,49,success,2025-04-23 02:51:18
5,register,,success,2025-04-23 21:50:17
27,register,,success,2025-04-23 04:08:14
71,visit_site,,success,2025-04-23 19:55:41
81,visit_site,,success,2025-04-23 10:30:21
97,logout,,success,2025-04-23 07:43:31
,create_topic,,error,2025-04-23 10:54:13
14,login,,success,2025-04-23 11:03:48
54,view_topic,127,success,2025-04-23 17:15:02
51,create_topic,148,success,2025-04-23 02:45:03
4,register,,success,2025-04-23 08:51:28
92,delete_topic,36,success,2025-04-23 12:13:28
73,login,,success,2025-04-23 09:35:36
,write_message,126,success,2025-04-23 10:08:44
14,register,,success,2025-04-23 13:18:20
61,write_message,144,success,2025-04-23 19:20:09
27,create_topic,149,success,2025-04-23 18:39:05
2,visit_site,,success,2025-04-23 08:15:49
65,register,,success,2025-04-23 22:54:20
39,login,,success,2025-04-23 14:38:24
9,register,,success,2025-04-23 00:57:00
83,visit_site,,success,2025-04-24 23:32:04
47,visit_site,,success,2025-04-24 06:15:39
28,visit_site,,success,2025-04-24 23:17:49
76,visit_site,,success,2025-04-24 06:59:24
74,visit_site,,success,2025-04-24 14:26:06
47,register,,success,2025-04-24 10:39:04
31,register,,success,2025-04-24 15:23:40
7,register,,success,2025-04-24 13:33:32
34,register,,success,2025-04-24 16:15:15
76,register,,success,2025-04-24 04:05:20
12,login,,success,2025-04-24 07:37:25
22,login,,success,2025-04-24 04:26:10
2,login,,success,2025-04-24 02:10:36
2,login,,success,2025-04-24 02:01:59
20,login,,success,2025-04-24 03:42:13
36,logout,,success,2025-04-24 08:24:52
58,logout,,success,2025-04-24 18:26:30
77,logout,,success,2025-04-24 20:05:01
35,logout,,success,2025-04-24 09:59:15
6,logout,,success,2025-04-24 16:39:02
,create_topic,,error,2025-04-24 23:06:28
,create_topic,,error,2025-04-24 13:17:42
45,create_topic,150,success,2025-04-24 21:31:03
68,create_topic,151,success,2025-04-24 18:24:01
34,create_topic,152,success,2025-04-24 05:05:52
12,view_topic,50,success,2025-04-24 05:57:42
30,view_topic,130,success,2025-04-24 16:02:25
55,view_topic,98,success,2025-04-24 18:07:23
23,view_topic,33,success,2025-04-24 04:10:18
11,view_topic,135,success,2025-04-24 02:48:24
95,delete_topic,63,success,2025-04-24 15:53:33
27,delete_topic,85,success,2025-04-24 12:58:36
5,delete_topic,136,success,2025-04-24 16:57:19
99,delete_topic,38,success,2025-04-24 20:58:34
14,delete_topic,71,success,2025-04-24 22:37:12
24,write_message,141,success,2025-04-24 12:53:13
93,write_message,77,success,2025-04-24 15:05:57
39,write_message,137,success,2025-04-24 12:20:02
,write_message,32,success,2025-04-24 10:19:16
,write_message,18,success,2025-04-24 23:29:22
8,visit_site,,success,2025-04-24 03:53:17
34,delete_topic,7,success,2025-04-24 10:01:02
33,visit_site,,success,2025-04-24 11:50:55
84,delete_topic,120,success,2025-04-24 17:44:01
16,logout,,success,2025-04-24 01:16:34
27,view_topic,60,success,2025-04-24 09:24:27
,write_message,145,success,2025-04-24 13:08:08
73,write_message,128,success,2025-04-24 06:54:35
66,delete_topic,19,success,2025-04-24 04:18:33
55,visit_site,,success,2025-04-24 03:47:55
35,delete_topic,132,success,2025-04-24 19:49:29
76,login,,success,2025-04-24 04:06:39
21,write_message,64,success,2025-04-24 06:21:10
42,create_topic,153,success,2025-04-24 19:00:58
5,create_topic,154,success,2025-04-24 14:05:40
47,logout,,success,2025-04-24 17:23:14
,write_message,148,success,2025-04-24 06:15:07
87,visit_site,,success,2025-04-24 03:00:42
63,view_topic,34,success,2025-04-24 05:05:56
20,logout,,success,2025-04-24 13:45:29
82,register,,success,2025-04-24 21:45:03
89,register,,success,2025-04-24 05:15:10
17,login,,success,2025-04-24 16:35:10
4,view_topic,11,success,2025-04-24 10:41:03
40,visit_site,,success,2025-04-24 16:57:08
70,visit_site,,success,2025-04-25 07:22:50
77,visit_site,,success,2025-04-25 03:12:24
18,visit_site,,success,2025-04-25 15:30:41
63,visit_site,,success,2025-04-25 10:43:47
41,visit_site,,success,2025-04-25 00:54:07
78,register,,success,2025-04-25 22:04:04
49,register,,success,2025-04-25 22:52:42
68,register,,success,2025-04-25 08:54:04
78,register,,success,2025-04-25 23:00:04
8,register,,success,2025-04-25 20:14:27
7,login,,success,2025-04-25 02:29:17
96,login,,success,2025-04-25 01:35:10
64,login,,success,2025-04-25 14:25:23
25,login,,success,2025-04-25 01:05:59
71,login,,success,2025-04-25 12:40:57
36,logout,,success,2025-04-25 13:00:26
21,logout,,success,2025-04-25 12:38:53
68,logout,,success,2025-04-25 04:20:06
78,logout,,success,2025-04-25 05:01:19
10,logout,,success,2025-04-25 14:25:06
,create_topic,,error,2025-04-25 22:22:50
,create_topic,,error,2025-04-25 09:06:53
37,create_topic,155,success,2025-04-25 01:37:27
46,create_topic,156,success,2025-04-25 22:59:56
91,create_topic,157,success,2025-04-25 03:21:40
77,view_topic,104,success,2025-04-25 13:28:29
21,view_topic,4,success,2025-04-25 05:18:46
14,view_topic,117,success,2025-04-25 05:20:07
76,view_topic,45,success,2025-04-25 11:49:31
7,view_topic,52,success,2025-04-25 00:56:21
17,delete_topic,27,success,2025-04-25 22:34:54
29,delete_topic,142,success,2025-04-25 19:29:09
12,delete_topic,100,success,2025-04-25 09:01:10
63,delete_topic,57,success,2025-04-25 15:16:48
66,delete_topic,148,success,2025-04-25 12:58:14
36,write_message,111,success,2025-04-25 04:01:30
53,write_message,82,success,2025-04-25 23:20:36
,write_message,110,success,2025-04-25 08:35:53
94,write_message,148,success,2025-04-25 03:48:40
34,write_message,70,success,2025-04-25 15:17:15
71,visit_site,,success,2025-04-25 20:10:32
21,view_topic,110,success,2025-04-25 20:52:33
48,logout,,success,2025-04-25 15:21:37
27,write_message,97,success,2025-04-25 15:08:59
6,view_topic,30,success,2025-04-25 12:36:23
28,create_topic,158,success,2025-04-25 16:46:25
34,logout,,success,2025-04-25 07:36:35
,create_topic,,error,2025-04-25 07:58:18
61,view_topic,149,success,2025-04-25 04:06:25
31,register,,success,2025-04-25 23:16:19
21,register,,success,2025-04-25 07:17:27
56,visit_site,,success,2025-04-25 10:44:23
35,login,,success,2025-04-25 19:34:16
19,visit_site,,success,2025-04-25 00:19:39
51,logout,,success,2025-04-25 07:14:18
78,create_topic,159,success,2025-04-25 01:34:00
90,view_topic,23,success,2025-04-25 14:47:39
45,login,,success,2025-04-25 14:17:30
11,visit_site,,success,2025-04-25 09:38:19
57,logout,,success,2025-04-25 23:11:59
54,logout,,success,2025-04-25 05:15:45
34,login,,success,2025-04-25 01:04:48
44,delete_topic,51,success,2025-04-25 14:49:17
49,visit_site,,success,2025-04-25 09:58:31
6,logout,,success,2025-04-25 06:46:16
88,visit_site,,success,2025-04-25 19:24:46
71,create_topic,160,success,2025-04-25 07:00:47
92,visit_site,,success,2025-04-25 21:02:07
90,visit_site,,success,2025-04-25 02:44:51
10,register,,success,2025-04-25 17:19:44
1,register,,success,2025-04-25 23:04:30
60,write_message,100,success,2025-04-25 02:15:59
12,logout,,success,2025-04-25 01:09:43
56,write_message,151,success,2025-04-25 21:30:39
24,visit_site,,success,2025-04-26 01:47:27
24,visit_site,,success,2025-04-26 05:26:35
72,visit_site,,success,2025-04-26 06:35:17
85,visit_site,,success,2025-04-26 19:06:31
91,visit_site,,success,2025-04-26 04:36:50
76,register,,success,2025-04-26 12:12:22
78,register,,success,2025-04-26 08:38:30
73,register,,success,2025-04-26 00:58:24
93,register,,success,2025-04-26 12:12:45
83,register,,success,2025-04-26 07:27:30
60,login,,success,2025-04-26 03:49:05
47,login,,success,2025-04-26 22:37:43
78,login,,success,2025-04-26 11:08:11
86,login,,success,2025-04-26 13:03:29
37,login,,success,2025-04-26 14:27:40
29,logout,,success,2025-04-26 12:54:07
40,logout,,success,2025-04-26 20:04:23
69,logout,,success,2025-04-26 02:11:31
21,logout,,success,2025-04-26 16:54:33
63,logout,,success,2025-04-26 16:53:25
59,create_topic,161,success,2025-04-26 14:46:34
,create_topic,,error,2025-04-26 21:01:40
41,create_topic,162,success,2025-04-26 04:40:12
82,create_topic,163,success,2025-04-26 09:44:20
,create_topic,,error,2025-04-26 05:38:12
94,view_topic,25,success,2025-04-26 05:27:16
89,view_topic,126,success,2025-04-26 23:24:36
5,view_topic,161,success,2025-04-26 11:19:05
90,view_topic,22,success,2025-04-26 07:20:56
23,view_topic,57,success,2025-04-26 10:12:57
39,delete_topic,155,success,2025-04-26 17:12:30
58,delete_topic,89,success,2025-04-26 01:41:25
82,delete_topic,47,success,2025-04-26 04:02:10
19,delete_topic,129,success,2025-04-26 13:00:49
14,delete_topic,129,success,2025-04-26 10:17:49
,write_message,81,success,2025-04-26 01:00:29
,write_message,28,success,2025-04-26 08:36:31
25,write_message,40,success,2025-04-26 08:40:25
,write_message,142,success,2025-04-26 20:03:29
89,write_message,162,success,2025-04-26 18:40:28
38,delete_topic,161,success,2025-04-26 00:24:22
91,register,,success,2025-04-26 16:22:05
2,register,,success,2025-04-26 12:46:01
27,create_topic,164,success,2025-04-26 03:33:25
28,delete_topic,31,success,2025-04-26 01:45:58
2,view_topic,88,success,2025-04-26 06:38:54
,create_topic,,error,2025-04-26 16:51:18
53,register,,success,2025-04-26 02:29:36
,create_topic,,error,2025-04-26 05:53:14
87,delete_topic,103,success,2025-04-26 10:50:56
29,view_topic,43,success,2025-04-26 06:13:19
40,create_topic,165,success,2025-04-26 03:41:25
73,logout,,success,2025-04-26 12:56:39
87,visit_site,,success,2025-04-26 19:06:31
17,write_message,151,success,2025-04-26 22:32:34
41,create_topic,166,success,2025-04-26 10:09:34
66,login,,success,2025-04-26 08:32:47
32,register,,success,2025-04-26 03:04:56
21,login,,success,2025-04-26 11:40:22
18,create_topic,167,success,2025-04-26 15:36:16
,write_message,115,success,2025-04-26 23:08:46
,create_topic,,error,2025-04-26 00:59:01
89,create_topic,168,success,2025-04-26 11:48:09
65,register,,success,2025-04-26 14:24:27
2,logout,,success,2025-04-26 13:00:29
19,logout,,success,2025-04-26 23:38:06
57,login,,success,2025-04-26 15:30:19
15,logout,,success,2025-04-26 18:35:01
86,view_topic,68,success,2025-04-26 14:28:09
23,logout,,success,2025-04-26 16:56:15
90,visit_site,,success,2025-04-26 02:53:24
67,write_message,67,success,2025-04-26 00:39:45
48,logout,,success,2025-04-26 03:07:18
74,logout,,success,2025-04-26 22:28:20
99,create_topic,169,success,2025-04-26 19:06:20
21,visit_site,,success,2025-04-26 01:05:33
,create_topic,,error,2025-04-26 06:45:57
26,login,,success,2025-04-26 08:36:34
,write_message,110,success,2025-04-26 01:16:37
42,register,,success,2025-04-26 15:01:42
2,delete_topic,98,success,2025-04-26 14:10:23
,write_message,107,success,2025-04-26 10:24:12
77,create_topic,170,success,2025-04-26 11:55:03
87,visit_site,,success,2025-04-27 09:58:07
88,visit_site,,success,2025-04-27 20:45:23
6,visit_site,,success,2025-04-27 04:31:07
16,visit_site,,success,2025-04-27 02:23:20
92,visit_site,,success,2025-04-27 12:30:12
19,register,,success,2025-04-27 23:47:31
62,register,,success,2025-04-27 13:05:47
32,register,,success,2025-04-27 03:04:29
49,register,,success,2025-04-27 16:43:48
54,register,,success,2025-04-27 07:13:43
29,login,,success,2025-04-27 12:26:15
26,login,,success,2025-04-27 07:24:41
52,login,,success,2025-04-27 14:42:54
8,login,,success,2025-04-27 19:22:18
5,login,,success,2025-04-27 00:37:15
8,logout,,success,2025-04-27 15:14:01
55,logout,,success,2025-04-27 08:19:53
28,logout,,success,2025-04-27 15:46:15
93,logout,,success,2025-04-27 19:11:32
72,logout,,success,2025-04-27 03:20:31
,create_topic,,error,2025-04-27 20:31:42
62,create_topic,171,success,2025-04-27 15:02:25
,create_topic,,error,2025-04-27 08:14:14
33,create_topic,172,success,2025-04-27 02:37:09
66,create_topic,173,success,2025-04-27 22:01:07
15,view_topic,18,success,2025-04-27 23:58:44
45,view_topic,41,success,2025-04-27 05:42:02
40,view_topic,131,success,2025-04-27 11:19:01
16,view_topic,171,success,2025-04-27 14:26:06
96,view_topic,11,success,2025-04-27 01:37:49
23,delete_topic,159,success,2025-04-27 23:10:52
21,delete_topic,16,success,2025-04-27 21:25:27
60,delete_topic,52,success,2025-04-27 02:00:08
2,delete_topic,76,success,2025-04-27 13:43:10
82,delete_topic,150,success,2025-04-27 03:38:09
78,write_message,45,success,2025-04-27 00:41:14
68,write_message,111,success,2025-04-27 23:32:18
,write_message,108,success,2025-04-27 17:32:10
91,write_message,55,success,2025-04-27 14:54:03
,write_message,57,success,2025-04-27 18:33:11
99,delete_topic,141,success,2025-04-27 01:42:24
87,logout,,success,2025-04-27 09:58:34
19,view_topic,163,success,2025-04-27 01:06:46
17,logout,,success,2025-04-27 22:40:47
42,login,,success,2025-04-27 11:50:53
87,visit_site,,success,2025-04-27 04:27:30
27,visit_site,,success,2025-04-27 16:37:44
26,create_topic,174,success,2025-04-27 17:15:44
64,write_message,37,success,2025-04-27 01:51:33
36,register,,success,2025-04-27 23:09:07
38,delete_topic,100,success,2025-04-27 07:33:42
,create_topic,,error,2025-04-27 05:31:43
83,create_topic,175,success,2025-04-27 09:27:02
49,create_topic,176,success,2025-04-27 06:49:15
16,delete_topic,2,success,2025-04-27 04:30:05
20,register,,success,2025-04-27 05:46:46
60,write_message,49,success,2025-04-27 14:12:05
92,visit_site,,success,2025-04-27 22:36:43
69,view_topic,118,success,2025-04-27 21:03:22
24,login,,success,2025-04-27 11:46:41
23,login,,success,2025-04-27 21:02:20
92,logout,,success,2025-04-27 09:48:41
66,login,,success,2025-04-27 06:54:49
98,delete_topic,48,success,2025-04-27 09:09:20
62,visit_site,,success,2025-04-27 14:22:02
69,delete_topic,39,success,2025-04-27 13:02:49
36,visit_site,,success,2025-04-27 07:06:18
17,view_topic,114,success,2025-04-27 01:15:05
29,write_message,163,success,2025-04-27 04:20:16
15,logout,,success,2025-04-27 07:06:28
15,logout,,success,2025-04-27 13:52:15
85,register,,success,2025-04-27 20:47:07
21,register,,success,2025-04-27 23:00:38
18,view_topic,26,success,2025-04-27 01:51:34
14,delete_topic,14,success,2025-04-27 13:55:19
91,visit_site,,success,2025-04-27 22:46:25
83,view_topic,86,success,2025-04-27 12:11:56
71,visit_site,,success,2025-04-28 23:36:44
57,visit_site,,success,2025-04-28 06:09:48
86,visit_site,,success,2025-04-28 17:11:25
81,visit_site,,success,2025-04-28 08:08:42
1,visit_site,,success,2025-04-28 15:12:14
61,register,,success,2025-04-28 07:37:27
8,register,,success,2025-04-28 19:59:58
18,register,,success,2025-04-28 15:02:42
1,register,,success,2025-04-28 06:37:19
87,register,,success,2025-04-28 23:45:18
63,login,,success,2025-04-28 10:39:21
75,login,,success,2025-04-28 12:26:22
69,login,,success,2025-04-28 03:00:37
52,login,,success,2025-04-28 15:59:52
62,login,,success,2025-04-28 06:35:49
61,logout,,success,2025-04-28 05:05:48
90,logout,,success,2025-04-28 21:53:43
63,logout,,success,2025-04-28 16:26:15
32,logout,,success,2025-04-28 10:19:26
12,logout,,success,2025-04-28 00:02:29
,create_topic,,error,2025-04-28 08:14:32
44,create_topic,177,success,2025-04-28 17:52:22
41,create_topic,178,success,2025-04-28 20:16:40
,create_topic,,error,2025-04-28 18:47:31
42,create_topic,179,success,2025-04-28 06:50:11
31,view_topic,143,success,2025-04-28 15:32:26
47,view_topic,81,success,2025-04-28 02:55:48
59,view_topic,43,success,2025-04-28 20:27:22
78,view_topic,4,success,2025-04-28 19:53:02
46,view_topic,144,success,2025-04-28 15:43:17
37,delete_topic,122,success,2025-04-28 05:41:47
80,delete_topic,25,success,2025-04-28 12:39:56
70,delete_topic,43,success,2025-04-28 19:21:42
89,delete_topic,84,success,2025-04-28 08:06:23
2,delete_topic,108,success,2025-04-28 15:48:55
42,write_message,80,success,2025-04-28 20:56:08
40,write_message,35,success,2025-04-28 06:54:24
,write_message,11,success,2025-04-28 19:22:07
,write_message,145,success,2025-04-28 03:31:39
,write_message,30,success,2025-04-28 05:13:11
97,login,,success,2025-04-28 18:52:09
32,delete_topic,139,success,2025-04-28 22:26:38
68,view_topic,90,success,2025-04-28 08:51:31
9,logout,,success,2025-04-28 02:59:28
,create_topic,,error,2025-04-28 21:49:26
21,login,,success,2025-04-28 15:49:39
79,visit_site,,success,2025-04-28 23:10:05
90,visit_site,,success,2025-04-28 04:57:58
29,logout,,success,2025-04-28 22:31:21
24,delete_topic,163,success,2025-04-28 10:12:45
96,register,,success,2025-04-28 13:44:04
94,logout,,success,2025-04-28 04:49:47
85,register,,success,2025-04-28 16:23:36
,create_topic,,error,2025-04-28 08:50:55
12,view_topic,48,success,2025-04-28 03:39:58
19,view_topic,17,success,2025-04-28 04:08:32
11,login,,success,2025-04-28 02:13:27
52,logout,,success,2025-04-28 12:46:57
44,visit_site,,success,2025-04-28 15:05:54
63,login,,success,2025-04-28 09:52:10
89,view_topic,33,success,2025-04-28 10:04:00
76,visit_site,,success,2025-04-29 20:15:45
82,visit_site,,success,2025-04-29 02:28:58
20,visit_site,,success,2025-04-29 18:05:42
30,visit_site,,success,2025-04-29 07:46:37
100,visit_site,,success,2025-04-29 05:33:40
13,register,,success,2025-04-29 09:51:11
3,register,,success,2025-04-29 16:25:37
80,register,,success,2025-04-29 12:10:31
61,register,,success,2025-04-29 12:22:47
38,register,,success,2025-04-29 05:07:50
54,login,,success,2025-04-29 14:31:43
51,login,,success,2025-04-29 02:41:59
32,login,,success,2025-04-29 11:10:50
70,login,,success,2025-04-29 02:53:04
87,login,,success,2025-04-29 21:28:16
66,logout,,success,2025-04-29 00:49:43
59,logout,,success,2025-04-29 00:05:18
33,logout,,success,2025-04-29 10:14:49
41,logout,,success,2025-04-29 00:53:17
93,logout,,success,2025-04-29 00:28:35
,create_topic,,error,2025-04-29 23:40:55
73,create_topic,180,success,2025-04-29 11:10:09
,create_topic,,error,2025-04-29 02:52:36
35,create_topic,181,success,2025-04-29 21:59:15
61,create_topic,182,success,2025-04-29 06:06:16
66,view_topic,65,success,2025-04-29 22:00:55
46,view_topic,68,success,2025-04-29 18:13:38
44,view_topic,176,success,2025-04-29 12:55:59
86,view_topic,93,success,2025-04-29 10:07:52
29,view_topic,169,success,2025-04-29 03:58:13
16,delete_topic,79,success,2025-04-29 15:01:27
67,delete_topic,86,success,2025-04-29 13:32:34
73,delete_topic,50,success,2025-04-29 03:53:02
19,delete_topic,63,success,2025-04-29 18:54:54
60,delete_topic,89,success,2025-04-29 19:49:41
,write_message,136,success,2025-04-29 21:14:49
71,write_message,126,success,2025-04-29 06:56:26
,write_message,55,success,2025-04-29 01:24:07
31,write_message,98,success,2025-04-29 03:08:57
,write_message,41,success,2025-04-29 06:20:53
77,login,,success,2025-04-29 14:34:59
38,logout,,success,2025-04-29 21:25:04
44,logout,,success,2025-04-29 14:08:31
27,create_topic,183,success,2025-04-29 06:19:14
78,delete_topic,18,success,2025-04-29 21:10:22
98,delete_topic,82,success,2025-04-29 13:23:57
86,visit_site,,success,2025-04-29 02:48:44
5,register,,success,2025-04-29 22:10:06
49,logout,,success,2025-04-29 12:25:13
91,delete_topic,11,success,2025-04-29 03:53:51
28,view_topic,154,success,2025-04-29 10:14:37
54,register,,success,2025-04-29 13:49:02
60,logout,,success,2025-04-29 00:46:20
15,logout,,success,2025-04-29 13:00:20
80,logout,,success,2025-04-29 02:52:03
46,delete_topic,25,success,2025-04-29 20:29:45
76,view_topic,67,success,2025-04-29 17:42:55
20,visit_site,,success,2025-04-29 16:49:05
25,login,,success,2025-04-29 04:11:12
,write_message,159,success,2025-04-29 12:05:07
3,view_topic,15,success,2025-04-29 10:05:10
79,login,,success,2025-04-29 17:08:07
32,create_topic,184,success,2025-04-29 05:52:39
81,register,,success,2025-04-29 07:26:52
70,login,,success,2025-04-29 22:53:48
2,delete_topic,30,success,2025-04-29 11:05:03
71,logout,,success,2025-04-29 02:33:07
96,view_topic,122,success,2025-04-29 21:29:31
,create_topic,,error,2025-04-29 19:31:34
95,logout,,success,2025-04-29 17:44:13
68,visit_site,,success,2025-04-29 10:05:37
72,view_topic,92,success,2025-04-29 10:51:39
93,view_topic,28,success,2025-04-29 19:54:23
32,delete_topic,172,success,2025-04-29 20:21:45
37,delete_topic,24,success,2025-04-29 03:23:43
18,logout,,success,2025-04-29 04:58:54
30,login,,success,2025-04-29 03:19:31
17,visit_site,,success,2025-04-30 16:22:20
77,visit_site,,success,2025-04-30 05:43:48
81,visit_site,,success,2025-04-30 09:32:43
1,visit_site,,success,2025-04-30 03:28:01
86,visit_site,,success,2025-04-30 12:51:29
13,register,,success,2025-04-30 06:40:34
98,register,,success,2025-04-30 22:02:33
3,register,,success,2025-04-30 08:00:04
19,register,,success,2025-04-30 11:56:44
56,register,,success,2025-04-30 17:47:13
52,login,,success,2025-04-30 05:21:19
83,login,,success,2025-04-30 15:56:49
77,login,,success,2025-04-30 18:07:25
87,login,,success,2025-04-30 18:57:15
10,login,,success,2025-04-30 08:58:10
32,logout,,success,2025-04-30 15:43:31
21,logout,,success,2025-04-30 20:29:18
58,logout,,success,2025-04-30 07:19:14
90,logout,,success,2025-04-30 04:41:44
76,logout,,success,2025-04-30 08:00:03
,create_topic,,error,2025-04-30 10:12:32
,create_topic,,error,2025-04-30 21:00:05
15,create_topic,185,success,2025-04-30 08:47:51
18,create_topic,186,success,2025-04-30 21:12:53
100,create_topic,187,success,2025-04-30 04:40:27
18,view_topic,37,success,2025-04-30 14:51:39
28,view_topic,88,success,2025-04-30 14:57:12
38,view_topic,41,success,2025-04-30 02:12:52
35,view_topic,68,success,2025-04-30 03:32:44
13,view_topic,32,success,2025-04-30 03:20:15
32,delete_topic,180,success,2025-04-30 23:18:55
61,delete_topic,124,success,2025-04-30 09:52:07
57,delete_topic,137,success,2025-04-30 01:47:09
81,delete_topic,71,success,2025-04-30 16:09:16
62,delete_topic,183,success,2025-04-30 13:52:36
14,write_message,99,success,2025-04-30 15:36:32
52,write_message,21,success,2025-04-30 05:55:49
65,write_message,47,success,2025-04-30 07:11:40
,write_message,26,success,2025-04-30 20:56:50
72,write_message,55,success,2025-04-30 01:12:18
53,logout,,success,2025-04-30 16:46:34
97,register,,success,2025-04-30 10:12:33
33,create_topic,188,success,2025-04-30 13:31:05
45,visit_site,,success,2025-04-30 12:35:36
58,visit_site,,success,2025-04-30 08:55:07
,write_message,102,success,2025-04-30 14:26:36
26,login,,success,2025-04-30 20:49:56
2,logout,,success,2025-04-30 12:13:05
46,delete_topic,159,success,2025-04-30 09:17:21
14,register,,success,2025-04-30 17:38:28
52,logout,,success,2025-04-30 17:45:37
6,register,,success,2025-04-30 16:18:53
72,create_topic,189,success,2025-04-30 18:47:46
86,logout,,success,2025-04-30 00:52:32
82,view_topic,2,success,2025-04-30 21:03:50
99,login,,success,2025-04-30 09:09:40
83,view_topic,174,success,2025-04-30 09:04:41
57,login,,success,2025-04-30 15:22:46
75,register,,success,2025-04-30 08:34:32
,write_message,15,success,2025-04-30 14:38:40
20,create_topic,190,success,2025-04-30 16:58:50
,create_topic,,error,2025-04-30 19:19:04
54,delete_topic,166,success,2025-04-30 21:23:06
9,visit_site,,success,2025-04-30 02:04:28
57,delete_topic,64,success,2025-04-30 09:33:57
46,view_topic,167,success,2025-04-30 21:39:35
4,register,,success,2025-04-30 04:55:20
,write_message,171,success,2025-04-30 22:11:21
6,view_topic,9,success,2025-04-30 16:14:08
22,login,,success,2025-04-30 21:12:03
55,logout,,success,2025-04-30 04:58:42
34,register,,success,2025-04-30 08:25:36
66,visit_site,,success,2025-04-30 18:07:57
1,write_message,97,success,2025-04-30 20:35:45
86,logout,,success,2025-04-30 09:46:11
79,login,,success,2025-04-30 16:11:56
31,login,,success,2025-04-30 22:37:16
100,login,,success,2025-04-30 18:15:59
84,register,,success,2025-04-30 22:27:43
45,create_topic,191,success,2025-04-30 16:14:01
53,create_topic,192,success,2025-04-30 07:20:00
